timestamp,sensor_id,zona,temperatura_c,humedad_pct,luz_lux
2026-01-13 00:00:00,S001,Norte,19.5,51.5,275.0
2026-01-13 00:00:00,S002,Sur,16.6,71.6,677.0
2026-01-13 00:00:00,S003,Este,21.2,49.2,422.0
2026-01-13 00:00:00,S004,Oeste,15.2,64.0,505.0
2026-01-13 00:00:00,S005,Centro,15.2,63.6,650.0
2026-01-13 00:05:00,S001,Norte,18.8,56.8,589.0
2026-01-13 00:05:00,S002,Sur,20.7,48.8,806.0
2026-01-13 00:05:00,S003,Este,19.9,57.0,155.0
2026-01-13 00:05:00,S004,Oeste,21.7,53.3,93.0
2026-01-13 00:05:00,S005,Centro,15.7,75.6,604.0
2026-01-13 00:10:00,S001,Norte,20.6,63.3,536.0
2026-01-13 00:10:00,S002,Sur,21.8,53.9,552.0
2026-01-13 00:10:00,S003,Este,20.8,60.8,862.0
2026-01-13 00:10:00,S004,Oeste,19.0,66.0,46.0
2026-01-13 00:10:00,S005,Centro,16.6,62.6,80.0
2026-01-13 00:15:00,S001,Norte,16.6,58.8,278.0
2026-01-13 00:15:00,S002,Sur,19.4,58.4,370.0
2026-01-13 00:15:00,S003,Este,16.5,62.4,937.0
2026-01-13 00:15:00,S004,Oeste,19.5,63.1,171.0
2026-01-13 00:15:00,S005,Centro,20.1,53.1,379.0
2026-01-13 00:20:00,S001,Norte,21.9,58.9,557.0
2026-01-13 00:20:00,S002,Sur,19.8,67.3,776.0
2026-01-13 00:20:00,S003,Este,16.6,57.4,315.0
2026-01-13 00:20:00,S004,Oeste,16.9,60.5,943.0
2026-01-13 00:20:00,S005,Centro,21.1,54.0,655.0
2026-01-13 00:25:00,S001,Norte,17.8,72.8,459.0
2026-01-13 00:25:00,S002,Sur,16.9,61.2,561.0
2026-01-13 00:25:00,S003,Este,16.8,68.0,898.0
2026-01-13 00:25:00,S004,Oeste,17.8,58.8,998.0
2026-01-13 00:25:00,S005,Centro,18.6,54.7,47.0
2026-01-13 00:30:00,S001,Norte,15.8,71.0,792.0
2026-01-13 00:30:00,S002,Sur,18.0,55.4,382.0
2026-01-13 00:30:00,S003,Este,22.0,56.6,971.0
2026-01-13 00:30:00,S004,Oeste,21.0,48.2,721.0
2026-01-13 00:30:00,S005,Centro,19.8,61.2,267.0
2026-01-13 00:35:00,S001,Norte,19.5,53.3,435.0
2026-01-13 00:35:00,S002,Sur,18.2,72.7,876.0
2026-01-13 00:35:00,S003,Este,16.8,66.3,179.0
2026-01-13 00:35:00,S004,Oeste,21.4,64.6,298.0
2026-01-13 00:35:00,S005,Centro,19.5,63.2,153.0
2026-01-13 00:40:00,S001,Norte,20.3,60.1,779.0
2026-01-13 00:40:00,S002,Sur,18.7,52.6,324.0
2026-01-13 00:40:00,S003,Este,15.1,78.3,879.0
2026-01-13 00:40:00,S004,Oeste,20.8,54.5,58.0
2026-01-13 00:40:00,S005,Centro,21.1,66.6,86.0
2026-01-13 00:45:00,S001,Norte,18.4,54.6,761.0
2026-01-13 00:45:00,S002,Sur,20.4,51.8,475.0
2026-01-13 00:45:00,S003,Este,18.8,57.6,872.0
2026-01-13 00:45:00,S004,Oeste,18.0,58.3,539.0
2026-01-13 00:45:00,S005,Centro,20.1,53.8,312.0
2026-01-13 00:50:00,S001,Norte,22.0,59.1,438.0
2026-01-13 00:50:00,S002,Sur,18.6,55.2,225.0
2026-01-13 00:50:00,S003,Este,17.4,67.0,230.0
2026-01-13 00:50:00,S004,Oeste,16.5,58.3,631.0
2026-01-13 00:50:00,S005,Centro,16.6,74.9,860.0
2026-01-13 00:55:00,S001,Norte,15.5,63.8,669.0
2026-01-13 00:55:00,S002,Sur,16.5,59.6,936.0
2026-01-13 00:55:00,S003,Este,19.0,61.5,785.0
2026-01-13 00:55:00,S004,Oeste,20.7,52.5,97.0
2026-01-13 00:55:00,S005,Centro,18.0,62.4,467.0
2026-01-13 01:00:00,S001,Norte,20.1,63.3,984.0
2026-01-13 01:00:00,S002,Sur,15.7,66.7,339.0
2026-01-13 01:00:00,S003,Este,21.0,52.9,190.0
2026-01-13 01:00:00,S004,Oeste,18.1,62.2,279.0
2026-01-13 01:00:00,S005,Centro,16.7,75.0,443.0
2026-01-13 01:05:00,S001,Norte,21.0,58.9,51.0
2026-01-13 01:05:00,S002,Sur,22.0,62.7,969.0
2026-01-13 01:05:00,S003,Este,21.5,64.0,166.0
2026-01-13 01:05:00,S004,Oeste,18.4,57.5,401.0
2026-01-13 01:05:00,S005,Centro,15.4,66.8,985.0
2026-01-13 01:10:00,S001,Norte,16.9,72.0,455.0
2026-01-13 01:10:00,S002,Sur,18.0,73.2,995.0
2026-01-13 01:10:00,S003,Este,18.9,66.6,155.0
2026-01-13 01:10:00,S004,Oeste,17.1,75.2,579.0
2026-01-13 01:10:00,S005,Centro,18.8,67.4,57.0
2026-01-13 01:15:00,S001,Norte,19.1,61.9,853.0
2026-01-13 01:15:00,S002,Sur,16.1,77.0,80.0
2026-01-13 01:15:00,S003,Este,16.3,69.3,675.0
2026-01-13 01:15:00,S004,Oeste,16.6,59.1,890.0
2026-01-13 01:15:00,S005,Centro,16.7,68.4,619.0
2026-01-13 01:20:00,S001,Norte,17.9,65.8,523.0
2026-01-13 01:20:00,S002,Sur,21.5,51.0,716.0
2026-01-13 01:20:00,S003,Este,16.7,64.6,672.0
2026-01-13 01:20:00,S004,Oeste,17.1,62.1,752.0
2026-01-13 01:20:00,S005,Centro,15.5,68.2,998.0
2026-01-13 01:25:00,S001,Norte,22.0,47.5,213.0
2026-01-13 01:25:00,S002,Sur,16.9,75.0,881.0
2026-01-13 01:25:00,S003,Este,21.2,55.1,158.0
2026-01-13 01:25:00,S004,Oeste,20.8,62.4,612.0
2026-01-13 01:25:00,S005,Centro,21.9,59.3,8.0
2026-01-13 01:30:00,S001,Norte,20.7,54.5,663.0
2026-01-13 01:30:00,S002,Sur,21.6,49.5,115.0
2026-01-13 01:30:00,S003,Este,15.7,69.6,272.0
2026-01-13 01:30:00,S004,Oeste,19.2,65.9,204.0
2026-01-13 01:30:00,S005,Centro,19.4,56.4,489.0
2026-01-13 01:35:00,S001,Norte,21.3,64.2,92.0
2026-01-13 01:35:00,S002,Sur,18.0,59.6,4.0
2026-01-13 01:35:00,S003,Este,20.4,61.9,262.0
2026-01-13 01:35:00,S004,Oeste,20.2,60.7,428.0
2026-01-13 01:35:00,S005,Centro,15.1,61.4,883.0
2026-01-13 01:40:00,S001,Norte,21.3,58.3,835.0
2026-01-13 01:40:00,S002,Sur,19.1,54.8,127.0
2026-01-13 01:40:00,S003,Este,17.2,73.7,796.0
2026-01-13 01:40:00,S004,Oeste,21.0,65.9,210.0
2026-01-13 01:40:00,S005,Centro,16.7,58.6,780.0
2026-01-13 01:45:00,S001,Norte,21.2,55.7,621.0
2026-01-13 01:45:00,S002,Sur,16.1,76.4,865.0
2026-01-13 01:45:00,S003,Este,21.8,62.5,881.0
2026-01-13 01:45:00,S004,Oeste,15.2,74.4,332.0
2026-01-13 01:45:00,S005,Centro,21.5,63.0,864.0
2026-01-13 01:50:00,S001,Norte,20.7,54.0,787.0
2026-01-13 01:50:00,S002,Sur,15.8,75.9,859.0
2026-01-13 01:50:00,S003,Este,16.6,73.2,460.0
2026-01-13 01:50:00,S004,Oeste,17.1,71.6,228.0
2026-01-13 01:50:00,S005,Centro,15.2,63.5,328.0
2026-01-13 01:55:00,S001,Norte,21.1,67.2,279.0
2026-01-13 01:55:00,S002,Sur,19.5,59.0,981.0
2026-01-13 01:55:00,S003,Este,18.8,71.3,115.0
2026-01-13 01:55:00,S004,Oeste,21.8,50.0,963.0
2026-01-13 01:55:00,S005,Centro,16.9,58.5,435.0
2026-01-13 02:00:00,S001,Norte,20.1,56.1,606.0
2026-01-13 02:00:00,S002,Sur,18.6,60.5,577.0
2026-01-13 02:00:00,S003,Este,16.8,70.6,2.0
2026-01-13 02:00:00,S004,Oeste,21.5,57.8,719.0
2026-01-13 02:00:00,S005,Centro,20.2,63.0,364.0
2026-01-13 02:05:00,S001,Norte,15.5,72.3,330.0
2026-01-13 02:05:00,S002,Sur,17.2,72.6,720.0
2026-01-13 02:05:00,S003,Este,17.1,62.0,408.0
2026-01-13 02:05:00,S004,Oeste,17.8,60.3,127.0
2026-01-13 02:05:00,S005,Centro,17.9,72.9,677.0
2026-01-13 02:10:00,S001,Norte,21.3,59.7,301.0
2026-01-13 02:10:00,S002,Sur,18.8,52.3,287.0
2026-01-13 02:10:00,S003,Este,18.0,65.6,655.0
2026-01-13 02:10:00,S004,Oeste,18.3,62.3,214.0
2026-01-13 02:10:00,S005,Centro,18.3,71.4,796.0
2026-01-13 02:15:00,S001,Norte,16.2,59.3,515.0
2026-01-13 02:15:00,S002,Sur,19.4,57.8,818.0
2026-01-13 02:15:00,S003,Este,20.3,62.9,225.0
2026-01-13 02:15:00,S004,Oeste,16.4,57.7,245.0
2026-01-13 02:15:00,S005,Centro,18.3,70.3,73.0
2026-01-13 02:20:00,S001,Norte,17.9,66.8,194.0
2026-01-13 02:20:00,S002,Sur,19.9,60.1,244.0
2026-01-13 02:20:00,S003,Este,19.6,50.9,751.0
2026-01-13 02:20:00,S004,Oeste,20.4,51.4,425.0
2026-01-13 02:20:00,S005,Centro,16.2,76.7,518.0
2026-01-13 02:25:00,S001,Norte,15.4,64.3,848.0
2026-01-13 02:25:00,S002,Sur,18.2,69.6,668.0
2026-01-13 02:25:00,S003,Este,21.9,58.1,950.0
2026-01-13 02:25:00,S004,Oeste,21.2,59.8,719.0
2026-01-13 02:25:00,S005,Centro,18.5,69.5,548.0
2026-01-13 02:30:00,S001,Norte,21.3,62.3,475.0
2026-01-13 02:30:00,S002,Sur,16.8,61.3,638.0
2026-01-13 02:30:00,S003,Este,20.4,59.7,627.0
2026-01-13 02:30:00,S004,Oeste,16.9,57.7,286.0
2026-01-13 02:30:00,S005,Centro,16.9,62.6,540.0
2026-01-13 02:35:00,S001,Norte,16.0,62.7,694.0
2026-01-13 02:35:00,S002,Sur,19.9,51.4,408.0
2026-01-13 02:35:00,S003,Este,18.8,60.7,207.0
2026-01-13 02:35:00,S004,Oeste,17.9,72.2,584.0
2026-01-13 02:35:00,S005,Centro,19.9,67.4,766.0
2026-01-13 02:40:00,S001,Norte,17.7,54.8,352.0
2026-01-13 02:40:00,S002,Sur,20.3,66.5,953.0
2026-01-13 02:40:00,S003,Este,17.9,69.1,546.0
2026-01-13 02:40:00,S004,Oeste,19.2,56.0,219.0
2026-01-13 02:40:00,S005,Centro,18.1,54.5,336.0
2026-01-13 02:45:00,S001,Norte,19.8,58.6,165.0
2026-01-13 02:45:00,S002,Sur,18.3,56.0,622.0
2026-01-13 02:45:00,S003,Este,15.2,67.5,564.0
2026-01-13 02:45:00,S004,Oeste,15.2,72.5,136.0
2026-01-13 02:45:00,S005,Centro,18.2,54.5,379.0
2026-01-13 02:50:00,S001,Norte,16.5,63.6,761.0
2026-01-13 02:50:00,S002,Sur,17.7,69.7,832.0
2026-01-13 02:50:00,S003,Este,16.8,58.1,19.0
2026-01-13 02:50:00,S004,Oeste,18.8,72.4,350.0
2026-01-13 02:50:00,S005,Centro,19.6,66.5,652.0
2026-01-13 02:55:00,S001,Norte,20.3,68.4,199.0
2026-01-13 02:55:00,S002,Sur,15.1,62.8,126.0
2026-01-13 02:55:00,S003,Este,19.7,61.9,218.0
2026-01-13 02:55:00,S004,Oeste,19.9,65.5,168.0
2026-01-13 02:55:00,S005,Centro,19.3,66.5,115.0
2026-01-13 03:00:00,S001,Norte,20.7,67.8,108.0
2026-01-13 03:00:00,S002,Sur,15.2,65.9,677.0
2026-01-13 03:00:00,S003,Este,21.7,54.5,715.0
2026-01-13 03:00:00,S004,Oeste,15.5,72.7,627.0
2026-01-13 03:00:00,S005,Centro,15.7,74.0,850.0
2026-01-13 03:05:00,S001,Norte,19.2,54.0,984.0
2026-01-13 03:05:00,S002,Sur,20.5,56.0,428.0
2026-01-13 03:05:00,S003,Este,17.6,64.9,341.0
2026-01-13 03:05:00,S004,Oeste,20.9,64.6,106.0
2026-01-13 03:05:00,S005,Centro,21.7,59.3,829.0
2026-01-13 03:10:00,S001,Norte,20.0,58.8,734.0
2026-01-13 03:10:00,S002,Sur,21.8,51.9,808.0
2026-01-13 03:10:00,S003,Este,18.8,62.1,436.0
2026-01-13 03:10:00,S004,Oeste,20.1,55.1,852.0
2026-01-13 03:10:00,S005,Centro,20.8,50.1,882.0
2026-01-13 03:15:00,S001,Norte,16.7,65.9,610.0
2026-01-13 03:15:00,S002,Sur,17.7,55.3,851.0
2026-01-13 03:15:00,S003,Este,16.3,61.7,798.0
2026-01-13 03:15:00,S004,Oeste,17.4,72.8,701.0
2026-01-13 03:15:00,S005,Centro,16.9,56.3,948.0
2026-01-13 03:20:00,S001,Norte,15.6,73.2,489.0
2026-01-13 03:20:00,S002,Sur,20.3,63.2,646.0
2026-01-13 03:20:00,S003,Este,18.4,69.0,93.0
2026-01-13 03:20:00,S004,Oeste,16.6,70.7,306.0
2026-01-13 03:20:00,S005,Centro,19.1,61.3,531.0
2026-01-13 03:25:00,S001,Norte,18.0,69.0,331.0
2026-01-13 03:25:00,S002,Sur,19.9,55.6,251.0
2026-01-13 03:25:00,S003,Este,15.8,62.2,120.0
2026-01-13 03:25:00,S004,Oeste,18.8,67.7,185.0
2026-01-13 03:25:00,S005,Centro,16.5,66.7,725.0
2026-01-13 03:30:00,S001,Norte,21.8,56.8,283.0
2026-01-13 03:30:00,S002,Sur,15.7,62.5,227.0
2026-01-13 03:30:00,S003,Este,16.3,57.8,534.0
2026-01-13 03:30:00,S004,Oeste,16.9,75.6,553.0
2026-01-13 03:30:00,S005,Centro,19.9,52.8,868.0
2026-01-13 03:35:00,S001,Norte,18.4,70.6,574.0
2026-01-13 03:35:00,S002,Sur,18.3,62.2,184.0
2026-01-13 03:35:00,S003,Este,15.4,78.1,478.0
2026-01-13 03:35:00,S004,Oeste,20.8,56.5,74.0
2026-01-13 03:35:00,S005,Centro,19.4,52.3,149.0
2026-01-13 03:40:00,S001,Norte,18.9,58.2,994.0
2026-01-13 03:40:00,S002,Sur,15.8,73.6,606.0
2026-01-13 03:40:00,S003,Este,20.5,53.4,523.0
2026-01-13 03:40:00,S004,Oeste,18.2,62.5,860.0
2026-01-13 03:40:00,S005,Centro,21.9,52.2,621.0
2026-01-13 03:45:00,S001,Norte,19.3,66.3,948.0
2026-01-13 03:45:00,S002,Sur,16.5,61.3,660.0
2026-01-13 03:45:00,S003,Este,16.1,61.3,75.0
2026-01-13 03:45:00,S004,Oeste,15.0,69.0,594.0
2026-01-13 03:45:00,S005,Centro,17.0,60.6,707.0
2026-01-13 03:50:00,S001,Norte,19.9,59.2,687.0
2026-01-13 03:50:00,S002,Sur,21.5,62.8,625.0
2026-01-13 03:50:00,S003,Este,19.6,69.4,425.0
2026-01-13 03:50:00,S004,Oeste,18.8,65.3,908.0
2026-01-13 03:50:00,S005,Centro,20.8,49.9,166.0
2026-01-13 03:55:00,S001,Norte,17.2,70.7,569.0
2026-01-13 03:55:00,S002,Sur,17.0,58.4,689.0
2026-01-13 03:55:00,S003,Este,19.9,69.1,500.0
2026-01-13 03:55:00,S004,Oeste,18.5,54.7,40.0
2026-01-13 03:55:00,S005,Centro,18.0,60.4,250.0
2026-01-13 04:00:00,S001,Norte,15.6,78.0,836.0
2026-01-13 04:00:00,S002,Sur,19.0,71.0,1000.0
2026-01-13 04:00:00,S003,Este,19.7,56.0,40.0
2026-01-13 04:00:00,S004,Oeste,20.3,58.8,652.0
2026-01-13 04:00:00,S005,Centro,21.4,50.8,585.0
2026-01-13 04:05:00,S001,Norte,19.4,60.9,91.0
2026-01-13 04:05:00,S002,Sur,17.4,61.8,670.0
2026-01-13 04:05:00,S003,Este,21.0,54.6,694.0
2026-01-13 04:05:00,S004,Oeste,17.0,74.9,814.0
2026-01-13 04:05:00,S005,Centro,18.9,61.4,315.0
2026-01-13 04:10:00,S001,Norte,17.3,74.9,404.0
2026-01-13 04:10:00,S002,Sur,18.6,72.6,658.0
2026-01-13 04:10:00,S003,Este,18.8,60.7,188.0
2026-01-13 04:10:00,S004,Oeste,17.5,70.1,625.0
2026-01-13 04:10:00,S005,Centro,20.3,53.4,549.0
2026-01-13 04:15:00,S001,Norte,21.5,55.8,698.0
2026-01-13 04:15:00,S002,Sur,15.8,77.8,609.0
2026-01-13 04:15:00,S003,Este,16.7,59.8,551.0
2026-01-13 04:15:00,S004,Oeste,18.9,54.1,992.0
2026-01-13 04:15:00,S005,Centro,21.4,56.4,117.0
2026-01-13 04:20:00,S001,Norte,20.8,58.3,717.0
2026-01-13 04:20:00,S002,Sur,18.6,58.3,835.0
2026-01-13 04:20:00,S003,Este,21.9,51.2,551.0
2026-01-13 04:20:00,S004,Oeste,17.7,73.1,508.0
2026-01-13 04:20:00,S005,Centro,21.2,65.0,276.0
2026-01-13 04:25:00,S001,Norte,20.5,57.2,934.0
2026-01-13 04:25:00,S002,Sur,18.6,69.3,283.0
2026-01-13 04:25:00,S003,Este,17.1,67.6,999.0
2026-01-13 04:25:00,S004,Oeste,18.4,56.1,539.0
2026-01-13 04:25:00,S005,Centro,17.4,66.2,543.0
2026-01-13 04:30:00,S001,Norte,18.2,60.1,189.0
2026-01-13 04:30:00,S002,Sur,19.9,61.7,234.0
2026-01-13 04:30:00,S003,Este,20.4,50.0,745.0
2026-01-13 04:30:00,S004,Oeste,19.9,66.4,386.0
2026-01-13 04:30:00,S005,Centro,19.6,67.1,981.0
2026-01-13 04:35:00,S001,Norte,18.5,53.8,502.0
2026-01-13 04:35:00,S002,Sur,19.1,69.1,874.0
2026-01-13 04:35:00,S003,Este,18.1,64.4,457.0
2026-01-13 04:35:00,S004,Oeste,20.1,58.1,655.0
2026-01-13 04:35:00,S005,Centro,16.1,67.2,969.0
2026-01-13 04:40:00,S001,Norte,17.4,69.1,650.0
2026-01-13 04:40:00,S002,Sur,21.0,65.1,859.0
2026-01-13 04:40:00,S003,Este,17.7,61.0,719.0
2026-01-13 04:40:00,S004,Oeste,20.3,66.8,36.0
2026-01-13 04:40:00,S005,Centro,15.5,71.7,921.0
2026-01-13 04:45:00,S001,Norte,22.0,61.0,434.0
2026-01-13 04:45:00,S002,Sur,15.7,71.3,873.0
2026-01-13 04:45:00,S003,Este,18.1,67.7,903.0
2026-01-13 04:45:00,S004,Oeste,15.3,75.3,293.0
2026-01-13 04:45:00,S005,Centro,17.6,57.7,531.0
2026-01-13 04:50:00,S001,Norte,19.0,67.9,170.0
2026-01-13 04:50:00,S002,Sur,15.6,76.3,620.0
2026-01-13 04:50:00,S003,Este,16.7,74.9,143.0
2026-01-13 04:50:00,S004,Oeste,18.2,58.6,255.0
2026-01-13 04:50:00,S005,Centro,15.1,76.0,901.0
2026-01-13 04:55:00,S001,Norte,19.7,53.7,442.0
2026-01-13 04:55:00,S002,Sur,17.4,66.9,639.0
2026-01-13 04:55:00,S003,Este,18.0,59.1,845.0
2026-01-13 04:55:00,S004,Oeste,16.4,64.9,483.0
2026-01-13 04:55:00,S005,Centro,16.7,68.1,575.0
2026-01-13 05:00:00,S001,Norte,21.9,52.0,978.0
2026-01-13 05:00:00,S002,Sur,19.6,56.3,566.0
2026-01-13 05:00:00,S003,Este,19.8,65.3,49.0
2026-01-13 05:00:00,S004,Oeste,19.2,61.4,904.0
2026-01-13 05:00:00,S005,Centro,17.0,72.0,607.0
2026-01-13 05:05:00,S001,Norte,17.5,67.8,621.0
2026-01-13 05:05:00,S002,Sur,19.7,64.9,659.0
2026-01-13 05:05:00,S003,Este,20.9,60.8,903.0
2026-01-13 05:05:00,S004,Oeste,19.5,57.1,441.0
2026-01-13 05:05:00,S005,Centro,19.1,66.5,90.0
2026-01-13 05:10:00,S001,Norte,17.1,70.8,176.0
2026-01-13 05:10:00,S002,Sur,15.9,68.9,971.0
2026-01-13 05:10:00,S003,Este,18.7,70.8,830.0
2026-01-13 05:10:00,S004,Oeste,16.8,72.9,482.0
2026-01-13 05:10:00,S005,Centro,20.6,63.6,339.0
2026-01-13 05:15:00,S001,Norte,15.8,77.6,141.0
2026-01-13 05:15:00,S002,Sur,21.8,63.7,724.0
2026-01-13 05:15:00,S003,Este,21.9,65.6,805.0
2026-01-13 05:15:00,S004,Oeste,17.6,70.7,14.0
2026-01-13 05:15:00,S005,Centro,18.8,61.6,673.0
2026-01-13 05:20:00,S001,Norte,19.7,62.3,822.0
2026-01-13 05:20:00,S002,Sur,21.6,49.0,234.0
2026-01-13 05:20:00,S003,Este,15.2,77.3,561.0
2026-01-13 05:20:00,S004,Oeste,21.4,51.6,63.0
2026-01-13 05:20:00,S005,Centro,20.8,66.7,302.0
2026-01-13 05:25:00,S001,Norte,17.9,57.1,946.0
2026-01-13 05:25:00,S002,Sur,17.1,65.6,97.0
2026-01-13 05:25:00,S003,Este,21.2,50.3,454.0
2026-01-13 05:25:00,S004,Oeste,19.7,65.5,946.0
2026-01-13 05:25:00,S005,Centro,17.9,69.0,155.0
2026-01-13 05:30:00,S001,Norte,17.9,56.2,489.0
2026-01-13 05:30:00,S002,Sur,17.9,73.3,33.0
2026-01-13 05:30:00,S003,Este,17.6,63.7,951.0
2026-01-13 05:30:00,S004,Oeste,21.0,50.0,686.0
2026-01-13 05:30:00,S005,Centro,18.8,71.9,359.0
2026-01-13 05:35:00,S001,Norte,17.8,58.2,122.0
2026-01-13 05:35:00,S002,Sur,20.9,57.2,663.0
2026-01-13 05:35:00,S003,Este,19.5,63.0,21.0
2026-01-13 05:35:00,S004,Oeste,20.5,53.9,126.0
2026-01-13 05:35:00,S005,Centro,19.0,53.5,765.0
2026-01-13 05:40:00,S001,Norte,16.5,61.4,870.0
2026-01-13 05:40:00,S002,Sur,17.3,58.4,901.0
2026-01-13 05:40:00,S003,Este,15.0,77.1,145.0
2026-01-13 05:40:00,S004,Oeste,15.9,63.2,174.0
2026-01-13 05:40:00,S005,Centro,19.6,51.3,15.0
2026-01-13 05:45:00,S001,Norte,20.5,53.7,324.0
2026-01-13 05:45:00,S002,Sur,16.2,58.6,742.0
2026-01-13 05:45:00,S003,Este,18.7,67.5,476.0
2026-01-13 05:45:00,S004,Oeste,20.4,59.4,109.0
2026-01-13 05:45:00,S005,Centro,18.5,71.9,43.0
2026-01-13 05:50:00,S001,Norte,20.5,66.4,521.0
2026-01-13 05:50:00,S002,Sur,18.2,72.9,61.0
2026-01-13 05:50:00,S003,Este,18.4,61.3,686.0
2026-01-13 05:50:00,S004,Oeste,18.4,71.3,73.0
2026-01-13 05:50:00,S005,Centro,15.6,71.0,66.0
2026-01-13 05:55:00,S001,Norte,16.9,68.8,548.0
2026-01-13 05:55:00,S002,Sur,17.3,75.3,531.0
2026-01-13 05:55:00,S003,Este,18.2,65.8,99.0
2026-01-13 05:55:00,S004,Oeste,19.9,67.2,651.0
2026-01-13 05:55:00,S005,Centro,20.4,63.7,215.0
2026-01-13 06:00:00,S001,Norte,24.7,45.2,26863.0
2026-01-13 06:00:00,S002,Sur,24.7,48.9,18328.0
2026-01-13 06:00:00,S003,Este,24.6,54.2,28101.0
2026-01-13 06:00:00,S004,Oeste,22.9,62.6,17350.0
2026-01-13 06:00:00,S005,Centro,27.0,37.9,18380.0
2026-01-13 06:05:00,S001,Norte,26.4,53.4,34473.0
2026-01-13 06:05:00,S002,Sur,25.5,50.2,26538.0
2026-01-13 06:05:00,S003,Este,22.7,51.6,38287.0
2026-01-13 06:05:00,S004,Oeste,26.5,54.4,40237.0
2026-01-13 06:05:00,S005,Centro,27.8,46.4,27308.0
2026-01-13 06:10:00,S001,Norte,25.5,43.3,37986.0
2026-01-13 06:10:00,S002,Sur,23.3,45.5,44588.0
2026-01-13 06:10:00,S003,Este,24.2,56.8,35094.0
2026-01-13 06:10:00,S004,Oeste,26.8,53.2,49109.0
2026-01-13 06:10:00,S005,Centro,26.9,48.5,37494.0
2026-01-13 06:15:00,S001,Norte,22.2,64.3,44031.0
2026-01-13 06:15:00,S002,Sur,23.6,46.4,39594.0
2026-01-13 06:15:00,S003,Este,23.9,49.1,15214.0
2026-01-13 06:15:00,S004,Oeste,27.2,46.9,29027.0
2026-01-13 06:15:00,S005,Centro,22.9,57.0,16073.0
2026-01-13 06:20:00,S001,Norte,26.5,41.3,29694.0
2026-01-13 06:20:00,S002,Sur,24.0,49.3,40256.0
2026-01-13 06:20:00,S003,Este,26.7,48.0,17973.0
2026-01-13 06:20:00,S004,Oeste,22.3,48.5,36624.0
2026-01-13 06:20:00,S005,Centro,26.0,43.4,38168.0
2026-01-13 06:25:00,S001,Norte,24.9,49.0,24561.0
2026-01-13 06:25:00,S002,Sur,26.5,39.2,30047.0
2026-01-13 06:25:00,S003,Este,23.7,56.2,32032.0
2026-01-13 06:25:00,S004,Oeste,26.0,38.9,28834.0
2026-01-13 06:25:00,S005,Centro,25.6,39.0,25550.0
2026-01-13 06:30:00,S001,Norte,23.3,46.2,23943.0
2026-01-13 06:30:00,S002,Sur,24.0,42.2,41145.0
2026-01-13 06:30:00,S003,Este,23.1,51.5,39628.0
2026-01-13 06:30:00,S004,Oeste,25.0,56.7,43217.0
2026-01-13 06:30:00,S005,Centro,22.4,62.4,16481.0
2026-01-13 06:35:00,S001,Norte,22.1,64.2,45174.0
2026-01-13 06:35:00,S002,Sur,25.5,50.6,39832.0
2026-01-13 06:35:00,S003,Este,24.5,43.3,15730.0
2026-01-13 06:35:00,S004,Oeste,23.9,58.1,36634.0
2026-01-13 06:35:00,S005,Centro,27.0,54.4,18085.0
2026-01-13 06:40:00,S001,Norte,27.1,40.7,35610.0
2026-01-13 06:40:00,S002,Sur,25.1,47.6,25860.0
2026-01-13 06:40:00,S003,Este,24.0,48.6,20885.0
2026-01-13 06:40:00,S004,Oeste,25.1,42.2,32848.0
2026-01-13 06:40:00,S005,Centro,27.4,42.1,40458.0
2026-01-13 06:45:00,S001,Norte,26.9,52.5,23269.0
2026-01-13 06:45:00,S002,Sur,22.9,48.2,36084.0
2026-01-13 06:45:00,S003,Este,26.6,50.0,21200.0
2026-01-13 06:45:00,S004,Oeste,26.6,46.6,41406.0
2026-01-13 06:45:00,S005,Centro,26.6,45.9,47345.0
2026-01-13 06:50:00,S001,Norte,25.4,51.9,36858.0
2026-01-13 06:50:00,S002,Sur,27.2,48.2,20284.0
2026-01-13 06:50:00,S003,Este,22.4,54.0,25599.0
2026-01-13 06:50:00,S004,Oeste,23.6,43.8,32757.0
2026-01-13 06:50:00,S005,Centro,23.9,51.3,16991.0
2026-01-13 06:55:00,S001,Norte,27.0,37.6,45249.0
2026-01-13 06:55:00,S002,Sur,27.1,48.0,32747.0
2026-01-13 06:55:00,S003,Este,24.8,51.5,42714.0
2026-01-13 06:55:00,S004,Oeste,27.4,44.2,43344.0
2026-01-13 06:55:00,S005,Centro,25.9,44.6,31647.0
2026-01-13 07:00:00,S001,Norte,22.9,45.4,18623.0
2026-01-13 07:00:00,S002,Sur,27.4,42.1,40001.0
2026-01-13 07:00:00,S003,Este,25.0,43.4,23671.0
2026-01-13 07:00:00,S004,Oeste,24.6,49.5,33296.0
2026-01-13 07:00:00,S005,Centro,23.0,51.6,24901.0
2026-01-13 07:05:00,S001,Norte,24.5,47.9,35926.0
2026-01-13 07:05:00,S002,Sur,26.7,49.5,17307.0
2026-01-13 07:05:00,S003,Este,22.6,58.4,24945.0
2026-01-13 07:05:00,S004,Oeste,26.3,50.4,46722.0
2026-01-13 07:05:00,S005,Centro,27.2,42.2,35396.0
2026-01-13 07:10:00,S001,Norte,22.8,51.3,48869.0
2026-01-13 07:10:00,S002,Sur,26.2,45.5,35826.0
2026-01-13 07:10:00,S003,Este,27.6,40.9,28184.0
2026-01-13 07:10:00,S004,Oeste,26.7,52.8,38454.0
2026-01-13 07:10:00,S005,Centro,27.0,50.8,38990.0
2026-01-13 07:15:00,S001,Norte,25.2,52.6,29819.0
2026-01-13 07:15:00,S002,Sur,24.2,48.9,21309.0
2026-01-13 07:15:00,S003,Este,23.3,62.4,32019.0
2026-01-13 07:15:00,S004,Oeste,23.4,46.0,17701.0
2026-01-13 07:15:00,S005,Centro,27.1,37.9,41981.0
2026-01-13 07:20:00,S001,Norte,27.0,53.7,16321.0
2026-01-13 07:20:00,S002,Sur,24.0,57.3,19587.0
2026-01-13 07:20:00,S003,Este,24.3,44.7,44097.0
2026-01-13 07:20:00,S004,Oeste,26.6,52.9,20794.0
2026-01-13 07:20:00,S005,Centro,24.6,49.0,38673.0
2026-01-13 07:25:00,S001,Norte,23.4,52.0,24972.0
2026-01-13 07:25:00,S002,Sur,26.5,46.0,33690.0
2026-01-13 07:25:00,S003,Este,23.9,58.5,31416.0
2026-01-13 07:25:00,S004,Oeste,27.0,43.3,48150.0
2026-01-13 07:25:00,S005,Centro,27.9,43.4,24862.0
2026-01-13 07:30:00,S001,Norte,24.3,52.0,48819.0
2026-01-13 07:30:00,S002,Sur,26.9,52.2,19844.0
2026-01-13 07:30:00,S003,Este,23.5,55.8,45594.0
2026-01-13 07:30:00,S004,Oeste,25.3,41.4,44606.0
2026-01-13 07:30:00,S005,Centro,27.1,41.5,41709.0
2026-01-13 07:35:00,S001,Norte,23.6,60.8,20157.0
2026-01-13 07:35:00,S002,Sur,24.6,59.7,22771.0
2026-01-13 07:35:00,S003,Este,24.7,47.6,15933.0
2026-01-13 07:35:00,S004,Oeste,22.3,55.4,23252.0
2026-01-13 07:35:00,S005,Centro,28.0,41.6,15987.0
2026-01-13 07:40:00,S001,Norte,27.6,51.6,37749.0
2026-01-13 07:40:00,S002,Sur,26.7,39.3,25041.0
2026-01-13 07:40:00,S003,Este,27.0,50.0,19858.0
2026-01-13 07:40:00,S004,Oeste,26.2,46.5,15184.0
2026-01-13 07:40:00,S005,Centro,22.5,50.2,44224.0
2026-01-13 07:45:00,S001,Norte,25.3,54.0,33472.0
2026-01-13 07:45:00,S002,Sur,22.7,50.4,25540.0
2026-01-13 07:45:00,S003,Este,22.3,53.8,42786.0
2026-01-13 07:45:00,S004,Oeste,24.7,42.7,46680.0
2026-01-13 07:45:00,S005,Centro,25.6,39.2,33038.0
2026-01-13 07:50:00,S001,Norte,23.5,46.0,30023.0
2026-01-13 07:50:00,S002,Sur,25.7,43.4,29580.0
2026-01-13 07:50:00,S003,Este,26.0,39.7,49113.0
2026-01-13 07:50:00,S004,Oeste,22.4,55.7,32756.0
2026-01-13 07:50:00,S005,Centro,27.9,45.2,28666.0
2026-01-13 07:55:00,S001,Norte,24.8,53.1,49336.0
2026-01-13 07:55:00,S002,Sur,23.5,43.3,42598.0
2026-01-13 07:55:00,S003,Este,24.1,56.5,36989.0
2026-01-13 07:55:00,S004,Oeste,26.6,51.4,26638.0
2026-01-13 07:55:00,S005,Centro,22.3,56.4,43473.0
2026-01-13 08:00:00,S001,Norte,23.1,59.5,31262.0
2026-01-13 08:00:00,S002,Sur,26.2,50.3,43402.0
2026-01-13 08:00:00,S003,Este,22.4,60.8,31019.0
2026-01-13 08:00:00,S004,Oeste,23.8,43.4,21981.0
2026-01-13 08:00:00,S005,Centro,22.3,64.2,33038.0
2026-01-13 08:05:00,S001,Norte,27.9,45.0,23866.0
2026-01-13 08:05:00,S002,Sur,26.5,40.8,27494.0
2026-01-13 08:05:00,S003,Este,26.7,53.9,26617.0
2026-01-13 08:05:00,S004,Oeste,22.7,51.9,46132.0
2026-01-13 08:05:00,S005,Centro,26.5,55.0,28533.0
2026-01-13 08:10:00,S001,Norte,27.8,44.2,32413.0
2026-01-13 08:10:00,S002,Sur,27.5,45.3,43040.0
2026-01-13 08:10:00,S003,Este,26.4,38.9,36086.0
2026-01-13 08:10:00,S004,Oeste,26.9,47.0,26242.0
2026-01-13 08:10:00,S005,Centro,22.5,58.3,25727.0
2026-01-13 08:15:00,S001,Norte,25.6,47.3,39142.0
2026-01-13 08:15:00,S002,Sur,24.1,42.6,45451.0
2026-01-13 08:15:00,S003,Este,24.1,61.7,24609.0
2026-01-13 08:15:00,S004,Oeste,27.9,53.2,17626.0
2026-01-13 08:15:00,S005,Centro,25.8,45.6,43038.0
2026-01-13 08:20:00,S001,Norte,26.1,56.9,19997.0
2026-01-13 08:20:00,S002,Sur,25.6,54.3,16218.0
2026-01-13 08:20:00,S003,Este,22.4,60.8,27821.0
2026-01-13 08:20:00,S004,Oeste,24.3,52.8,36178.0
2026-01-13 08:20:00,S005,Centro,26.1,56.8,28020.0
2026-01-13 08:25:00,S001,Norte,26.6,48.3,33531.0
2026-01-13 08:25:00,S002,Sur,24.4,54.2,23736.0
2026-01-13 08:25:00,S003,Este,22.7,59.4,32467.0
2026-01-13 08:25:00,S004,Oeste,24.3,52.6,24162.0
2026-01-13 08:25:00,S005,Centro,23.6,51.8,49873.0
2026-01-13 08:30:00,S001,Norte,23.7,60.9,32192.0
2026-01-13 08:30:00,S002,Sur,22.7,61.6,30821.0
2026-01-13 08:30:00,S003,Este,27.4,44.1,18073.0
2026-01-13 08:30:00,S004,Oeste,26.1,54.7,26186.0
2026-01-13 08:30:00,S005,Centro,24.1,43.1,33976.0
2026-01-13 08:35:00,S001,Norte,27.3,52.3,39913.0
2026-01-13 08:35:00,S002,Sur,27.6,47.6,42779.0
2026-01-13 08:35:00,S003,Este,25.1,42.3,22034.0
2026-01-13 08:35:00,S004,Oeste,22.8,60.1,15920.0
2026-01-13 08:35:00,S005,Centro,25.3,46.7,43128.0
2026-01-13 08:40:00,S001,Norte,25.3,51.6,18018.0
2026-01-13 08:40:00,S002,Sur,23.9,62.3,40160.0
2026-01-13 08:40:00,S003,Este,25.2,55.1,43817.0
2026-01-13 08:40:00,S004,Oeste,22.4,64.6,37482.0
2026-01-13 08:40:00,S005,Centro,24.7,54.2,27058.0
2026-01-13 08:45:00,S001,Norte,27.3,51.1,37393.0
2026-01-13 08:45:00,S002,Sur,23.1,63.1,30142.0
2026-01-13 08:45:00,S003,Este,27.5,36.2,19346.0
2026-01-13 08:45:00,S004,Oeste,22.9,47.5,26293.0
2026-01-13 08:45:00,S005,Centro,26.3,44.4,47932.0
2026-01-13 08:50:00,S001,Norte,27.4,52.2,23771.0
2026-01-13 08:50:00,S002,Sur,25.8,49.4,19381.0
2026-01-13 08:50:00,S003,Este,23.8,53.0,32590.0
2026-01-13 08:50:00,S004,Oeste,23.0,62.8,20397.0
2026-01-13 08:50:00,S005,Centro,26.0,52.5,36180.0
2026-01-13 08:55:00,S001,Norte,27.1,47.2,43883.0
2026-01-13 08:55:00,S002,Sur,22.2,46.6,37451.0
2026-01-13 08:55:00,S003,Este,25.5,52.1,41844.0
2026-01-13 08:55:00,S004,Oeste,24.5,53.8,32431.0
2026-01-13 08:55:00,S005,Centro,25.8,44.3,48483.0
2026-01-13 09:00:00,S001,Norte,24.9,56.3,38975.0
2026-01-13 09:00:00,S002,Sur,23.8,43.9,17097.0
2026-01-13 09:00:00,S003,Este,24.6,50.4,22141.0
2026-01-13 09:00:00,S004,Oeste,25.6,45.0,40143.0
2026-01-13 09:00:00,S005,Centro,26.4,54.4,49138.0
2026-01-13 09:05:00,S001,Norte,22.8,51.8,34658.0
2026-01-13 09:05:00,S002,Sur,23.9,51.5,24362.0
2026-01-13 09:05:00,S003,Este,23.5,45.0,25157.0
2026-01-13 09:05:00,S004,Oeste,24.3,53.7,23689.0
2026-01-13 09:05:00,S005,Centro,27.2,38.8,26460.0
2026-01-13 09:10:00,S001,Norte,25.5,45.3,41709.0
2026-01-13 09:10:00,S002,Sur,25.0,50.3,32457.0
2026-01-13 09:10:00,S003,Este,23.9,42.8,48083.0
2026-01-13 09:10:00,S004,Oeste,25.0,59.3,22530.0
2026-01-13 09:10:00,S005,Centro,24.1,42.8,32321.0
2026-01-13 09:15:00,S001,Norte,27.3,48.5,31471.0
2026-01-13 09:15:00,S002,Sur,25.2,56.5,30082.0
2026-01-13 09:15:00,S003,Este,27.3,50.0,41735.0
2026-01-13 09:15:00,S004,Oeste,24.2,49.6,34960.0
2026-01-13 09:15:00,S005,Centro,23.2,54.7,17574.0
2026-01-13 09:20:00,S001,Norte,25.0,55.2,24790.0
2026-01-13 09:20:00,S002,Sur,27.9,47.7,19158.0
2026-01-13 09:20:00,S003,Este,27.9,42.2,42821.0
2026-01-13 09:20:00,S004,Oeste,24.0,60.7,41424.0
2026-01-13 09:20:00,S005,Centro,23.2,53.8,32503.0
2026-01-13 09:25:00,S001,Norte,22.3,48.2,26656.0
2026-01-13 09:25:00,S002,Sur,24.8,49.5,36219.0
2026-01-13 09:25:00,S003,Este,25.1,46.4,36457.0
2026-01-13 09:25:00,S004,Oeste,23.0,63.9,40876.0
2026-01-13 09:25:00,S005,Centro,23.8,49.1,43990.0
2026-01-13 09:30:00,S001,Norte,25.2,53.8,25493.0
2026-01-13 09:30:00,S002,Sur,26.9,43.6,38583.0
2026-01-13 09:30:00,S003,Este,27.9,45.9,42886.0
2026-01-13 09:30:00,S004,Oeste,26.4,51.1,15933.0
2026-01-13 09:30:00,S005,Centro,24.8,59.6,42402.0
2026-01-13 09:35:00,S001,Norte,26.7,48.2,40249.0
2026-01-13 09:35:00,S002,Sur,25.5,42.4,37016.0
2026-01-13 09:35:00,S003,Este,25.7,55.4,20172.0
2026-01-13 09:35:00,S004,Oeste,26.1,38.5,48187.0
2026-01-13 09:35:00,S005,Centro,22.7,45.1,25979.0
2026-01-13 09:40:00,S001,Norte,22.9,58.0,29363.0
2026-01-13 09:40:00,S002,Sur,26.6,55.1,45549.0
2026-01-13 09:40:00,S003,Este,26.4,38.4,19833.0
2026-01-13 09:40:00,S004,Oeste,23.2,50.0,38178.0
2026-01-13 09:40:00,S005,Centro,25.2,46.0,21061.0
2026-01-13 09:45:00,S001,Norte,27.5,41.9,27400.0
2026-01-13 09:45:00,S002,Sur,26.6,51.2,37516.0
2026-01-13 09:45:00,S003,Este,26.2,49.9,21729.0
2026-01-13 09:45:00,S004,Oeste,23.5,54.2,22870.0
2026-01-13 09:45:00,S005,Centro,27.8,40.3,25115.0
2026-01-13 09:50:00,S001,Norte,23.2,57.6,26096.0
2026-01-13 09:50:00,S002,Sur,24.1,60.5,42839.0
2026-01-13 09:50:00,S003,Este,23.6,45.2,38682.0
2026-01-13 09:50:00,S004,Oeste,24.3,61.0,43643.0
2026-01-13 09:50:00,S005,Centro,27.7,50.6,25166.0
2026-01-13 09:55:00,S001,Norte,23.7,56.8,27123.0
2026-01-13 09:55:00,S002,Sur,24.7,45.8,31768.0
2026-01-13 09:55:00,S003,Este,23.2,54.3,47656.0
2026-01-13 09:55:00,S004,Oeste,26.2,40.4,36549.0
2026-01-13 09:55:00,S005,Centro,25.5,43.8,38444.0
2026-01-13 10:00:00,S001,Norte,25.2,52.4,16837.0
2026-01-13 10:00:00,S002,Sur,24.5,55.4,18519.0
2026-01-13 10:00:00,S003,Este,26.6,36.9,34262.0
2026-01-13 10:00:00,S004,Oeste,27.6,43.0,47726.0
2026-01-13 10:00:00,S005,Centro,27.3,45.0,21981.0
2026-01-13 10:05:00,S001,Norte,27.8,40.9,37606.0
2026-01-13 10:05:00,S002,Sur,27.4,36.9,35095.0
2026-01-13 10:05:00,S003,Este,25.2,54.0,47783.0
2026-01-13 10:05:00,S004,Oeste,27.5,38.5,45879.0
2026-01-13 10:05:00,S005,Centro,23.1,62.3,49901.0
2026-01-13 10:10:00,S001,Norte,24.4,51.1,47781.0
2026-01-13 10:10:00,S002,Sur,27.8,53.0,45686.0
2026-01-13 10:10:00,S003,Este,22.1,57.2,18756.0
2026-01-13 10:10:00,S004,Oeste,27.9,39.9,49618.0
2026-01-13 10:10:00,S005,Centro,25.3,49.4,47850.0
2026-01-13 10:15:00,S001,Norte,27.1,45.1,21748.0
2026-01-13 10:15:00,S002,Sur,22.7,47.9,31062.0
2026-01-13 10:15:00,S003,Este,23.5,46.6,40782.0
2026-01-13 10:15:00,S004,Oeste,26.7,47.9,41505.0
2026-01-13 10:15:00,S005,Centro,23.1,61.0,46396.0
2026-01-13 10:20:00,S001,Norte,27.0,46.4,18036.0
2026-01-13 10:20:00,S002,Sur,26.0,41.7,19921.0
2026-01-13 10:20:00,S003,Este,23.9,47.1,24127.0
2026-01-13 10:20:00,S004,Oeste,23.4,58.2,48391.0
2026-01-13 10:20:00,S005,Centro,23.8,56.8,15400.0
2026-01-13 10:25:00,S001,Norte,25.9,52.0,17174.0
2026-01-13 10:25:00,S002,Sur,22.7,50.7,29190.0
2026-01-13 10:25:00,S003,Este,25.0,57.9,39624.0
2026-01-13 10:25:00,S004,Oeste,23.9,44.6,47065.0
2026-01-13 10:25:00,S005,Centro,23.8,54.8,22670.0
2026-01-13 10:30:00,S001,Norte,22.8,47.5,41171.0
2026-01-13 10:30:00,S002,Sur,25.6,47.0,34223.0
2026-01-13 10:30:00,S003,Este,24.8,51.1,38243.0
2026-01-13 10:30:00,S004,Oeste,23.3,48.3,41416.0
2026-01-13 10:30:00,S005,Centro,27.2,37.2,30636.0
2026-01-13 10:35:00,S001,Norte,26.2,39.1,34746.0
2026-01-13 10:35:00,S002,Sur,22.4,56.2,32692.0
2026-01-13 10:35:00,S003,Este,25.4,42.1,26484.0
2026-01-13 10:35:00,S004,Oeste,25.1,42.1,22189.0
2026-01-13 10:35:00,S005,Centro,25.5,40.8,32863.0
2026-01-13 10:40:00,S001,Norte,26.9,45.4,32964.0
2026-01-13 10:40:00,S002,Sur,24.7,41.7,31183.0
2026-01-13 10:40:00,S003,Este,26.8,50.8,28858.0
2026-01-13 10:40:00,S004,Oeste,26.9,51.1,35241.0
2026-01-13 10:40:00,S005,Centro,22.3,52.3,17232.0
2026-01-13 10:45:00,S001,Norte,28.0,52.8,17416.0
2026-01-13 10:45:00,S002,Sur,27.6,35.4,29310.0
2026-01-13 10:45:00,S003,Este,26.6,52.1,49242.0
2026-01-13 10:45:00,S004,Oeste,25.9,46.7,49750.0
2026-01-13 10:45:00,S005,Centro,24.3,58.8,46737.0
2026-01-13 10:50:00,S001,Norte,24.3,55.1,38163.0
2026-01-13 10:50:00,S002,Sur,25.2,52.6,27172.0
2026-01-13 10:50:00,S003,Este,23.1,54.6,33509.0
2026-01-13 10:50:00,S004,Oeste,26.4,41.7,15122.0
2026-01-13 10:50:00,S005,Centro,22.1,51.7,38572.0
2026-01-13 10:55:00,S001,Norte,25.3,50.1,43818.0
2026-01-13 10:55:00,S002,Sur,23.5,50.0,24648.0
2026-01-13 10:55:00,S003,Este,27.6,49.3,18950.0
2026-01-13 10:55:00,S004,Oeste,26.9,44.7,41812.0
2026-01-13 10:55:00,S005,Centro,27.3,35.7,22213.0
2026-01-13 11:00:00,S001,Norte,22.6,45.5,35922.0
2026-01-13 11:00:00,S002,Sur,26.2,38.5,40919.0
2026-01-13 11:00:00,S003,Este,24.4,45.9,22604.0
2026-01-13 11:00:00,S004,Oeste,27.2,36.8,32636.0
2026-01-13 11:00:00,S005,Centro,23.7,58.8,40603.0
2026-01-13 11:05:00,S001,Norte,23.9,54.1,38539.0
2026-01-13 11:05:00,S002,Sur,23.9,48.2,20014.0
2026-01-13 11:05:00,S003,Este,26.0,42.5,25518.0
2026-01-13 11:05:00,S004,Oeste,22.4,64.2,45790.0
2026-01-13 11:05:00,S005,Centro,27.5,47.6,29952.0
2026-01-13 11:10:00,S001,Norte,25.0,59.5,47956.0
2026-01-13 11:10:00,S002,Sur,26.0,53.7,26156.0
2026-01-13 11:10:00,S003,Este,24.5,44.0,28176.0
2026-01-13 11:10:00,S004,Oeste,26.5,46.4,44727.0
2026-01-13 11:10:00,S005,Centro,23.8,56.5,43202.0
2026-01-13 11:15:00,S001,Norte,27.5,46.3,48873.0
2026-01-13 11:15:00,S002,Sur,25.3,42.0,23500.0
2026-01-13 11:15:00,S003,Este,23.2,56.5,47278.0
2026-01-13 11:15:00,S004,Oeste,27.1,37.7,40360.0
2026-01-13 11:15:00,S005,Centro,23.1,49.1,38579.0
2026-01-13 11:20:00,S001,Norte,25.6,56.2,21586.0
2026-01-13 11:20:00,S002,Sur,26.6,51.3,34560.0
2026-01-13 11:20:00,S003,Este,24.9,57.6,26654.0
2026-01-13 11:20:00,S004,Oeste,27.7,34.8,47801.0
2026-01-13 11:20:00,S005,Centro,27.8,36.8,49985.0
2026-01-13 11:25:00,S001,Norte,24.9,45.1,36154.0
2026-01-13 11:25:00,S002,Sur,23.2,61.8,34323.0
2026-01-13 11:25:00,S003,Este,26.7,44.3,33678.0
2026-01-13 11:25:00,S004,Oeste,24.2,46.9,32949.0
2026-01-13 11:25:00,S005,Centro,25.0,42.0,49346.0
2026-01-13 11:30:00,S001,Norte,24.8,57.2,47002.0
2026-01-13 11:30:00,S002,Sur,24.2,49.8,34688.0
2026-01-13 11:30:00,S003,Este,23.3,46.3,24127.0
2026-01-13 11:30:00,S004,Oeste,27.6,46.4,29615.0
2026-01-13 11:30:00,S005,Centro,22.9,50.8,28294.0
2026-01-13 11:35:00,S001,Norte,27.0,46.0,37911.0
2026-01-13 11:35:00,S002,Sur,26.1,42.9,43756.0
2026-01-13 11:35:00,S003,Este,27.8,47.2,32171.0
2026-01-13 11:35:00,S004,Oeste,23.0,59.9,20924.0
2026-01-13 11:35:00,S005,Centro,26.3,47.1,47091.0
2026-01-13 11:40:00,S001,Norte,25.3,52.3,17056.0
2026-01-13 11:40:00,S002,Sur,22.2,62.5,48082.0
2026-01-13 11:40:00,S003,Este,26.0,53.3,29434.0
2026-01-13 11:40:00,S004,Oeste,27.1,40.5,39751.0
2026-01-13 11:40:00,S005,Centro,22.1,56.0,28062.0
2026-01-13 11:45:00,S001,Norte,25.7,51.9,36578.0
2026-01-13 11:45:00,S002,Sur,24.9,50.0,15231.0
2026-01-13 11:45:00,S003,Este,25.3,39.6,33530.0
2026-01-13 11:45:00,S004,Oeste,23.6,62.3,15600.0
2026-01-13 11:45:00,S005,Centro,26.9,49.7,43216.0
2026-01-13 11:50:00,S001,Norte,27.5,37.2,18371.0
2026-01-13 11:50:00,S002,Sur,22.9,48.1,33426.0
2026-01-13 11:50:00,S003,Este,26.9,41.6,28891.0
2026-01-13 11:50:00,S004,Oeste,24.2,49.6,34775.0
2026-01-13 11:50:00,S005,Centro,27.9,38.6,38941.0
2026-01-13 11:55:00,S001,Norte,27.1,48.9,45038.0
2026-01-13 11:55:00,S002,Sur,26.6,38.8,28274.0
2026-01-13 11:55:00,S003,Este,25.3,40.5,15331.0
2026-01-13 11:55:00,S004,Oeste,23.0,53.9,30187.0
2026-01-13 11:55:00,S005,Centro,26.7,47.9,45029.0
2026-01-13 12:00:00,S001,Norte,28.7,43.2,16489.0
2026-01-13 12:00:00,S002,Sur,29.5,48.4,46064.0
2026-01-13 12:00:00,S003,Este,31.3,28.3,17602.0
2026-01-13 12:00:00,S004,Oeste,34.5,39.0,34723.0
2026-01-13 12:00:00,S005,Centro,28.2,52.1,26007.0
2026-01-13 12:05:00,S001,Norte,34.7,32.3,41329.0
2026-01-13 12:05:00,S002,Sur,33.0,32.0,17693.0
2026-01-13 12:05:00,S003,Este,29.1,36.5,44213.0
2026-01-13 12:05:00,S004,Oeste,30.7,46.5,26611.0
2026-01-13 12:05:00,S005,Centro,33.3,26.2,49597.0
2026-01-13 12:10:00,S001,Norte,33.1,33.9,49101.0
2026-01-13 12:10:00,S002,Sur,28.4,42.0,44354.0
2026-01-13 12:10:00,S003,Este,30.4,44.6,48420.0
2026-01-13 12:10:00,S004,Oeste,30.8,43.9,16037.0
2026-01-13 12:10:00,S005,Centro,29.9,50.0,32171.0
2026-01-13 12:15:00,S001,Norte,30.5,47.8,30115.0
2026-01-13 12:15:00,S002,Sur,32.8,37.7,17999.0
2026-01-13 12:15:00,S003,Este,32.3,41.3,39959.0
2026-01-13 12:15:00,S004,Oeste,28.6,35.9,39909.0
2026-01-13 12:15:00,S005,Centro,32.4,39.9,26084.0
2026-01-13 12:20:00,S001,Norte,28.7,32.6,25789.0
2026-01-13 12:20:00,S002,Sur,30.5,34.4,19638.0
2026-01-13 12:20:00,S003,Este,29.3,40.4,34416.0
2026-01-13 12:20:00,S004,Oeste,30.9,28.8,27387.0
2026-01-13 12:20:00,S005,Centro,28.7,44.7,26355.0
2026-01-13 12:25:00,S001,Norte,30.7,34.4,28573.0
2026-01-13 12:25:00,S002,Sur,28.6,50.8,46682.0
2026-01-13 12:25:00,S003,Este,34.8,31.7,20935.0
2026-01-13 12:25:00,S004,Oeste,30.7,31.4,25540.0
2026-01-13 12:25:00,S005,Centro,31.5,28.4,30214.0
2026-01-13 12:30:00,S001,Norte,30.9,37.8,17692.0
2026-01-13 12:30:00,S002,Sur,29.8,35.4,36876.0
2026-01-13 12:30:00,S003,Este,32.2,29.6,18744.0
2026-01-13 12:30:00,S004,Oeste,30.1,48.7,26628.0
2026-01-13 12:30:00,S005,Centro,32.3,41.4,26534.0
2026-01-13 12:35:00,S001,Norte,30.3,45.6,45083.0
2026-01-13 12:35:00,S002,Sur,34.8,23.1,26223.0
2026-01-13 12:35:00,S003,Este,34.6,24.8,25996.0
2026-01-13 12:35:00,S004,Oeste,34.8,39.9,25201.0
2026-01-13 12:35:00,S005,Centro,32.9,34.1,35156.0
2026-01-13 12:40:00,S001,Norte,29.7,38.1,43577.0
2026-01-13 12:40:00,S002,Sur,30.8,30.8,34735.0
2026-01-13 12:40:00,S003,Este,32.1,36.6,38860.0
2026-01-13 12:40:00,S004,Oeste,31.9,45.4,31157.0
2026-01-13 12:40:00,S005,Centro,33.0,32.9,25197.0
2026-01-13 12:45:00,S001,Norte,32.8,40.7,42848.0
2026-01-13 12:45:00,S002,Sur,30.9,38.3,37167.0
2026-01-13 12:45:00,S003,Este,29.7,43.8,40033.0
2026-01-13 12:45:00,S004,Oeste,33.5,24.4,49675.0
2026-01-13 12:45:00,S005,Centro,31.4,35.3,32731.0
2026-01-13 12:50:00,S001,Norte,34.4,34.9,34028.0
2026-01-13 12:50:00,S002,Sur,33.5,30.1,46343.0
2026-01-13 12:50:00,S003,Este,31.8,39.2,17974.0
2026-01-13 12:50:00,S004,Oeste,33.4,36.4,27425.0
2026-01-13 12:50:00,S005,Centro,32.5,25.8,49426.0
2026-01-13 12:55:00,S001,Norte,32.7,32.5,41344.0
2026-01-13 12:55:00,S002,Sur,34.8,29.1,15369.0
2026-01-13 12:55:00,S003,Este,29.8,40.6,33158.0
2026-01-13 12:55:00,S004,Oeste,32.1,37.4,30602.0
2026-01-13 12:55:00,S005,Centro,30.7,44.0,35601.0
2026-01-13 13:00:00,S001,Norte,31.5,33.9,15860.0
2026-01-13 13:00:00,S002,Sur,28.7,40.9,48660.0
2026-01-13 13:00:00,S003,Este,28.8,51.2,19959.0
2026-01-13 13:00:00,S004,Oeste,30.2,38.7,22240.0
2026-01-13 13:00:00,S005,Centro,31.4,36.8,30336.0
2026-01-13 13:05:00,S001,Norte,32.9,30.6,25509.0
2026-01-13 13:05:00,S002,Sur,33.7,25.0,44721.0
2026-01-13 13:05:00,S003,Este,32.5,38.5,20752.0
2026-01-13 13:05:00,S004,Oeste,34.9,25.1,21106.0
2026-01-13 13:05:00,S005,Centro,29.1,43.0,48546.0
2026-01-13 13:10:00,S001,Norte,29.6,38.9,21456.0
2026-01-13 13:10:00,S002,Sur,32.5,33.7,16022.0
2026-01-13 13:10:00,S003,Este,32.3,29.3,35727.0
2026-01-13 13:10:00,S004,Oeste,30.7,42.7,22202.0
2026-01-13 13:10:00,S005,Centro,33.3,39.6,17190.0
2026-01-13 13:15:00,S001,Norte,28.7,50.0,21544.0
2026-01-13 13:15:00,S002,Sur,30.3,38.6,24182.0
2026-01-13 13:15:00,S003,Este,34.0,32.5,37369.0
2026-01-13 13:15:00,S004,Oeste,32.2,37.9,35545.0
2026-01-13 13:15:00,S005,Centro,30.4,46.0,36608.0
2026-01-13 13:20:00,S001,Norte,33.7,36.7,25411.0
2026-01-13 13:20:00,S002,Sur,32.3,27.1,19688.0
2026-01-13 13:20:00,S003,Este,28.8,38.5,21407.0
2026-01-13 13:20:00,S004,Oeste,32.9,34.5,29638.0
2026-01-13 13:20:00,S005,Centro,29.0,39.7,21501.0
2026-01-13 13:25:00,S001,Norte,32.4,39.0,37584.0
2026-01-13 13:25:00,S002,Sur,35.0,31.1,32137.0
2026-01-13 13:25:00,S003,Este,29.0,38.3,30785.0
2026-01-13 13:25:00,S004,Oeste,28.4,40.4,15335.0
2026-01-13 13:25:00,S005,Centro,29.0,48.4,48734.0
2026-01-13 13:30:00,S001,Norte,31.5,36.8,38964.0
2026-01-13 13:30:00,S002,Sur,30.9,45.0,32104.0
2026-01-13 13:30:00,S003,Este,28.6,33.5,41637.0
2026-01-13 13:30:00,S004,Oeste,30.0,35.4,33816.0
2026-01-13 13:30:00,S005,Centro,29.2,40.8,40988.0
2026-01-13 13:35:00,S001,Norte,33.4,34.3,18962.0
2026-01-13 13:35:00,S002,Sur,28.8,47.9,43815.0
2026-01-13 13:35:00,S003,Este,30.6,45.3,16456.0
2026-01-13 13:35:00,S004,Oeste,33.0,34.9,49642.0
2026-01-13 13:35:00,S005,Centro,28.7,49.2,41297.0
2026-01-13 13:40:00,S001,Norte,30.1,49.8,30741.0
2026-01-13 13:40:00,S002,Sur,30.4,45.5,30367.0
2026-01-13 13:40:00,S003,Este,35.0,35.6,23293.0
2026-01-13 13:40:00,S004,Oeste,33.7,34.4,27272.0
2026-01-13 13:40:00,S005,Centro,33.0,36.7,20809.0
2026-01-13 13:45:00,S001,Norte,29.0,36.2,22243.0
2026-01-13 13:45:00,S002,Sur,28.4,40.2,24838.0
2026-01-13 13:45:00,S003,Este,31.8,32.9,39642.0
2026-01-13 13:45:00,S004,Oeste,30.0,35.3,45031.0
2026-01-13 13:45:00,S005,Centro,34.9,33.8,18333.0
2026-01-13 13:50:00,S001,Norte,34.7,36.2,47157.0
2026-01-13 13:50:00,S002,Sur,34.9,37.4,19441.0
2026-01-13 13:50:00,S003,Este,34.1,26.9,39899.0
2026-01-13 13:50:00,S004,Oeste,33.8,37.6,38668.0
2026-01-13 13:50:00,S005,Centro,31.4,38.7,24405.0
2026-01-13 13:55:00,S001,Norte,30.9,37.2,37177.0
2026-01-13 13:55:00,S002,Sur,34.2,23.5,33046.0
2026-01-13 13:55:00,S003,Este,29.9,48.8,27917.0
2026-01-13 13:55:00,S004,Oeste,34.7,27.2,15087.0
2026-01-13 13:55:00,S005,Centro,33.4,37.8,40583.0
2026-01-13 14:00:00,S001,Norte,31.2,40.9,27538.0
2026-01-13 14:00:00,S002,Sur,28.4,43.8,22624.0
2026-01-13 14:00:00,S003,Este,31.0,32.2,24399.0
2026-01-13 14:00:00,S004,Oeste,33.8,29.2,35228.0
2026-01-13 14:00:00,S005,Centro,32.0,35.8,27031.0
2026-01-13 14:05:00,S001,Norte,32.8,25.4,18485.0
2026-01-13 14:05:00,S002,Sur,33.5,32.2,19348.0
2026-01-13 14:05:00,S003,Este,34.0,30.8,15024.0
2026-01-13 14:05:00,S004,Oeste,34.7,24.6,39101.0
2026-01-13 14:05:00,S005,Centro,28.9,45.2,20564.0
2026-01-13 14:10:00,S001,Norte,34.5,26.4,37911.0
2026-01-13 14:10:00,S002,Sur,29.8,37.9,46633.0
2026-01-13 14:10:00,S003,Este,29.2,39.6,25693.0
2026-01-13 14:10:00,S004,Oeste,32.9,28.9,37942.0
2026-01-13 14:10:00,S005,Centro,32.9,24.2,31688.0
2026-01-13 14:15:00,S001,Norte,28.9,36.7,38799.0
2026-01-13 14:15:00,S002,Sur,28.1,47.8,43599.0
2026-01-13 14:15:00,S003,Este,34.9,28.6,19626.0
2026-01-13 14:15:00,S004,Oeste,28.5,40.7,40577.0
2026-01-13 14:15:00,S005,Centro,28.7,38.8,45835.0
2026-01-13 14:20:00,S001,Norte,29.0,47.5,41361.0
2026-01-13 14:20:00,S002,Sur,28.9,52.0,20000.0
2026-01-13 14:20:00,S003,Este,31.7,26.7,37751.0
2026-01-13 14:20:00,S004,Oeste,31.1,42.3,36983.0
2026-01-13 14:20:00,S005,Centro,29.1,40.1,39030.0
2026-01-13 14:25:00,S001,Norte,34.0,23.7,18516.0
2026-01-13 14:25:00,S002,Sur,33.3,35.3,28441.0
2026-01-13 14:25:00,S003,Este,34.7,26.8,19894.0
2026-01-13 14:25:00,S004,Oeste,29.9,31.8,34369.0
2026-01-13 14:25:00,S005,Centro,32.2,37.8,42264.0
2026-01-13 14:30:00,S001,Norte,32.8,41.3,38044.0
2026-01-13 14:30:00,S002,Sur,30.1,40.1,32833.0
2026-01-13 14:30:00,S003,Este,33.2,29.4,16910.0
2026-01-13 14:30:00,S004,Oeste,34.3,40.5,32321.0
2026-01-13 14:30:00,S005,Centro,28.8,42.4,35788.0
2026-01-13 14:35:00,S001,Norte,31.7,46.2,49541.0
2026-01-13 14:35:00,S002,Sur,34.5,23.6,45128.0
2026-01-13 14:35:00,S003,Este,32.0,33.4,38903.0
2026-01-13 14:35:00,S004,Oeste,33.3,42.4,41963.0
2026-01-13 14:35:00,S005,Centro,28.1,35.1,24176.0
2026-01-13 14:40:00,S001,Norte,28.3,34.7,42625.0
2026-01-13 14:40:00,S002,Sur,31.5,39.5,32537.0
2026-01-13 14:40:00,S003,Este,30.9,42.2,17885.0
2026-01-13 14:40:00,S004,Oeste,31.8,38.8,24711.0
2026-01-13 14:40:00,S005,Centro,30.2,39.9,22112.0
2026-01-13 14:45:00,S001,Norte,33.7,33.4,28676.0
2026-01-13 14:45:00,S002,Sur,32.4,41.8,38837.0
2026-01-13 14:45:00,S003,Este,28.5,47.0,40549.0
2026-01-13 14:45:00,S004,Oeste,33.9,23.3,18017.0
2026-01-13 14:45:00,S005,Centro,31.0,37.0,36309.0
2026-01-13 14:50:00,S001,Norte,30.2,44.5,40923.0
2026-01-13 14:50:00,S002,Sur,28.8,46.5,39552.0
2026-01-13 14:50:00,S003,Este,29.1,50.8,33305.0
2026-01-13 14:50:00,S004,Oeste,33.5,37.5,20844.0
2026-01-13 14:50:00,S005,Centro,28.9,47.8,24407.0
2026-01-13 14:55:00,S001,Norte,34.2,37.0,16027.0
2026-01-13 14:55:00,S002,Sur,33.6,28.1,17236.0
2026-01-13 14:55:00,S003,Este,33.0,35.6,17697.0
2026-01-13 14:55:00,S004,Oeste,31.2,34.8,32486.0
2026-01-13 14:55:00,S005,Centro,32.0,33.4,23929.0
2026-01-13 15:00:00,S001,Norte,28.7,44.0,40297.0
2026-01-13 15:00:00,S002,Sur,29.6,41.0,16541.0
2026-01-13 15:00:00,S003,Este,34.0,26.8,31512.0
2026-01-13 15:00:00,S004,Oeste,30.7,31.6,47591.0
2026-01-13 15:00:00,S005,Centro,34.0,33.1,46988.0
2026-01-13 15:05:00,S001,Norte,33.2,32.0,26263.0
2026-01-13 15:05:00,S002,Sur,30.9,42.6,24494.0
2026-01-13 15:05:00,S003,Este,28.5,40.4,32571.0
2026-01-13 15:05:00,S004,Oeste,34.3,25.0,43152.0
2026-01-13 15:05:00,S005,Centro,34.9,39.3,17412.0
2026-01-13 15:10:00,S001,Norte,31.3,33.1,44570.0
2026-01-13 15:10:00,S002,Sur,30.3,40.5,15279.0
2026-01-13 15:10:00,S003,Este,29.4,42.5,25637.0
2026-01-13 15:10:00,S004,Oeste,32.4,34.6,35709.0
2026-01-13 15:10:00,S005,Centro,31.5,42.5,21840.0
2026-01-13 15:15:00,S001,Norte,34.3,36.6,23579.0
2026-01-13 15:15:00,S002,Sur,28.0,42.1,23155.0
2026-01-13 15:15:00,S003,Este,30.4,45.9,45702.0
2026-01-13 15:15:00,S004,Oeste,34.7,20.7,38006.0
2026-01-13 15:15:00,S005,Centro,33.9,36.7,18638.0
2026-01-13 15:20:00,S001,Norte,31.7,31.3,32221.0
2026-01-13 15:20:00,S002,Sur,28.4,53.1,39908.0
2026-01-13 15:20:00,S003,Este,28.7,51.1,46405.0
2026-01-13 15:20:00,S004,Oeste,31.6,40.7,28037.0
2026-01-13 15:20:00,S005,Centro,34.8,22.1,18345.0
2026-01-13 15:25:00,S001,Norte,28.9,48.5,17619.0
2026-01-13 15:25:00,S002,Sur,32.0,34.8,48748.0
2026-01-13 15:25:00,S003,Este,29.7,35.9,26025.0
2026-01-13 15:25:00,S004,Oeste,33.6,36.8,40737.0
2026-01-13 15:25:00,S005,Centro,30.2,35.0,17614.0
2026-01-13 15:30:00,S001,Norte,29.4,46.8,35465.0
2026-01-13 15:30:00,S002,Sur,29.1,35.1,31312.0
2026-01-13 15:30:00,S003,Este,30.8,39.0,48762.0
2026-01-13 15:30:00,S004,Oeste,29.5,37.3,24275.0
2026-01-13 15:30:00,S005,Centro,28.8,35.5,39012.0
2026-01-13 15:35:00,S001,Norte,33.8,36.4,16412.0
2026-01-13 15:35:00,S002,Sur,33.9,28.9,18192.0
2026-01-13 15:35:00,S003,Este,29.7,37.6,32971.0
2026-01-13 15:35:00,S004,Oeste,32.7,29.7,49674.0
2026-01-13 15:35:00,S005,Centro,28.2,41.7,30827.0
2026-01-13 15:40:00,S001,Norte,33.2,28.5,31172.0
2026-01-13 15:40:00,S002,Sur,33.6,25.5,15418.0
2026-01-13 15:40:00,S003,Este,33.8,42.0,19575.0
2026-01-13 15:40:00,S004,Oeste,33.8,29.9,37060.0
2026-01-13 15:40:00,S005,Centro,32.5,36.6,24059.0
2026-01-13 15:45:00,S001,Norte,33.7,23.1,17257.0
2026-01-13 15:45:00,S002,Sur,34.3,30.2,19508.0
2026-01-13 15:45:00,S003,Este,34.3,37.9,26604.0
2026-01-13 15:45:00,S004,Oeste,28.3,42.6,20880.0
2026-01-13 15:45:00,S005,Centro,32.0,42.4,28825.0
2026-01-13 15:50:00,S001,Norte,28.2,47.3,21048.0
2026-01-13 15:50:00,S002,Sur,29.5,34.7,24795.0
2026-01-13 15:50:00,S003,Este,34.2,22.3,36671.0
2026-01-13 15:50:00,S004,Oeste,29.7,36.5,29420.0
2026-01-13 15:50:00,S005,Centro,31.9,27.5,24792.0
2026-01-13 15:55:00,S001,Norte,29.0,36.1,45963.0
2026-01-13 15:55:00,S002,Sur,31.7,39.3,43076.0
2026-01-13 15:55:00,S003,Este,33.6,42.7,42367.0
2026-01-13 15:55:00,S004,Oeste,30.5,39.9,31964.0
2026-01-13 15:55:00,S005,Centro,34.4,31.3,28593.0
2026-01-13 16:00:00,S001,Norte,29.3,37.9,22666.0
2026-01-13 16:00:00,S002,Sur,34.3,37.0,17051.0
2026-01-13 16:00:00,S003,Este,34.9,30.7,41839.0
2026-01-13 16:00:00,S004,Oeste,35.0,39.5,18505.0
2026-01-13 16:00:00,S005,Centro,32.6,30.1,43570.0
2026-01-13 16:05:00,S001,Norte,34.4,22.3,49874.0
2026-01-13 16:05:00,S002,Sur,29.5,47.9,42909.0
2026-01-13 16:05:00,S003,Este,30.5,45.8,44583.0
2026-01-13 16:05:00,S004,Oeste,29.2,43.4,43217.0
2026-01-13 16:05:00,S005,Centro,32.9,42.5,15987.0
2026-01-13 16:10:00,S001,Norte,32.9,43.1,34726.0
2026-01-13 16:10:00,S002,Sur,31.9,29.9,49580.0
2026-01-13 16:10:00,S003,Este,34.2,31.5,25817.0
2026-01-13 16:10:00,S004,Oeste,31.4,28.9,23142.0
2026-01-13 16:10:00,S005,Centro,29.5,41.5,15024.0
2026-01-13 16:15:00,S001,Norte,34.4,25.2,19567.0
2026-01-13 16:15:00,S002,Sur,33.0,42.3,44550.0
2026-01-13 16:15:00,S003,Este,30.3,29.9,35531.0
2026-01-13 16:15:00,S004,Oeste,34.4,36.6,44627.0
2026-01-13 16:15:00,S005,Centro,34.0,41.2,28076.0
2026-01-13 16:20:00,S001,Norte,34.6,28.7,18536.0
2026-01-13 16:20:00,S002,Sur,30.1,32.5,20513.0
2026-01-13 16:20:00,S003,Este,34.6,36.6,48623.0
2026-01-13 16:20:00,S004,Oeste,32.5,28.4,48906.0
2026-01-13 16:20:00,S005,Centro,32.9,42.9,42545.0
2026-01-13 16:25:00,S001,Norte,29.6,42.7,21137.0
2026-01-13 16:25:00,S002,Sur,30.1,43.5,19457.0
2026-01-13 16:25:00,S003,Este,33.1,42.8,48204.0
2026-01-13 16:25:00,S004,Oeste,30.7,48.4,48781.0
2026-01-13 16:25:00,S005,Centro,28.2,45.6,47236.0
2026-01-13 16:30:00,S001,Norte,34.8,24.9,34794.0
2026-01-13 16:30:00,S002,Sur,34.6,23.7,41087.0
2026-01-13 16:30:00,S003,Este,29.7,50.3,20876.0
2026-01-13 16:30:00,S004,Oeste,34.2,23.4,39814.0
2026-01-13 16:30:00,S005,Centro,32.5,42.8,30632.0
2026-01-13 16:35:00,S001,Norte,29.9,35.3,17373.0
2026-01-13 16:35:00,S002,Sur,29.8,32.6,15045.0
2026-01-13 16:35:00,S003,Este,30.7,43.2,48919.0
2026-01-13 16:35:00,S004,Oeste,34.2,31.5,28255.0
2026-01-13 16:35:00,S005,Centro,31.8,28.4,31782.0
2026-01-13 16:40:00,S001,Norte,34.0,34.9,39051.0
2026-01-13 16:40:00,S002,Sur,29.1,33.2,44602.0
2026-01-13 16:40:00,S003,Este,30.1,36.2,48308.0
2026-01-13 16:40:00,S004,Oeste,28.5,36.4,28141.0
2026-01-13 16:40:00,S005,Centro,33.1,34.7,46434.0
2026-01-13 16:45:00,S001,Norte,28.7,44.6,36478.0
2026-01-13 16:45:00,S002,Sur,31.4,27.9,47985.0
2026-01-13 16:45:00,S003,Este,29.2,49.5,20499.0
2026-01-13 16:45:00,S004,Oeste,28.7,36.7,21649.0
2026-01-13 16:45:00,S005,Centro,32.9,38.7,40549.0
2026-01-13 16:50:00,S001,Norte,29.9,35.9,23314.0
2026-01-13 16:50:00,S002,Sur,28.3,44.7,44395.0
2026-01-13 16:50:00,S003,Este,29.1,39.1,29966.0
2026-01-13 16:50:00,S004,Oeste,30.1,43.1,36008.0
2026-01-13 16:50:00,S005,Centro,29.4,31.7,20979.0
2026-01-13 16:55:00,S001,Norte,30.0,31.6,44532.0
2026-01-13 16:55:00,S002,Sur,30.2,37.6,32118.0
2026-01-13 16:55:00,S003,Este,32.6,26.6,34044.0
2026-01-13 16:55:00,S004,Oeste,29.3,49.1,27929.0
2026-01-13 16:55:00,S005,Centro,31.1,33.0,31277.0
2026-01-13 17:00:00,S001,Norte,23.4,48.7,17157.0
2026-01-13 17:00:00,S002,Sur,26.5,50.3,18000.0
2026-01-13 17:00:00,S003,Este,24.1,52.7,48975.0
2026-01-13 17:00:00,S004,Oeste,25.5,50.0,44428.0
2026-01-13 17:00:00,S005,Centro,26.9,44.6,33743.0
2026-01-13 17:05:00,S001,Norte,27.2,45.1,45858.0
2026-01-13 17:05:00,S002,Sur,24.9,41.9,46597.0
2026-01-13 17:05:00,S003,Este,26.3,47.5,46516.0
2026-01-13 17:05:00,S004,Oeste,26.8,49.9,36710.0
2026-01-13 17:05:00,S005,Centro,22.7,59.7,21051.0
2026-01-13 17:10:00,S001,Norte,27.9,53.6,43296.0
2026-01-13 17:10:00,S002,Sur,22.8,53.0,49590.0
2026-01-13 17:10:00,S003,Este,24.6,60.7,36953.0
2026-01-13 17:10:00,S004,Oeste,27.0,41.1,46878.0
2026-01-13 17:10:00,S005,Centro,27.5,36.4,28583.0
2026-01-13 17:15:00,S001,Norte,24.4,47.8,24667.0
2026-01-13 17:15:00,S002,Sur,24.7,58.0,42529.0
2026-01-13 17:15:00,S003,Este,25.7,49.0,29686.0
2026-01-13 17:15:00,S004,Oeste,24.5,44.0,35578.0
2026-01-13 17:15:00,S005,Centro,26.6,55.7,47372.0
2026-01-13 17:20:00,S001,Norte,25.4,41.3,25013.0
2026-01-13 17:20:00,S002,Sur,25.2,46.4,29381.0
2026-01-13 17:20:00,S003,Este,24.3,51.1,36314.0
2026-01-13 17:20:00,S004,Oeste,22.2,51.1,20035.0
2026-01-13 17:20:00,S005,Centro,25.7,52.6,16357.0
2026-01-13 17:25:00,S001,Norte,27.3,42.0,23315.0
2026-01-13 17:25:00,S002,Sur,26.5,55.5,46396.0
2026-01-13 17:25:00,S003,Este,22.1,62.1,25607.0
2026-01-13 17:25:00,S004,Oeste,23.7,52.5,39366.0
2026-01-13 17:25:00,S005,Centro,22.6,62.2,19703.0
2026-01-13 17:30:00,S001,Norte,27.8,43.2,43904.0
2026-01-13 17:30:00,S002,Sur,23.6,51.1,37594.0
2026-01-13 17:30:00,S003,Este,23.1,48.0,43839.0
2026-01-13 17:30:00,S004,Oeste,26.4,52.3,45352.0
2026-01-13 17:30:00,S005,Centro,26.9,46.5,20564.0
2026-01-13 17:35:00,S001,Norte,23.9,52.4,19748.0
2026-01-13 17:35:00,S002,Sur,27.1,53.4,16013.0
2026-01-13 17:35:00,S003,Este,23.2,60.3,44294.0
2026-01-13 17:35:00,S004,Oeste,23.5,52.1,47131.0
2026-01-13 17:35:00,S005,Centro,26.2,43.0,43823.0
2026-01-13 17:40:00,S001,Norte,25.0,52.6,19336.0
2026-01-13 17:40:00,S002,Sur,22.2,53.1,35792.0
2026-01-13 17:40:00,S003,Este,23.1,61.3,35541.0
2026-01-13 17:40:00,S004,Oeste,24.1,45.1,46307.0
2026-01-13 17:40:00,S005,Centro,26.5,50.8,24977.0
2026-01-13 17:45:00,S001,Norte,24.3,44.6,35029.0
2026-01-13 17:45:00,S002,Sur,27.8,51.6,37658.0
2026-01-13 17:45:00,S003,Este,26.1,43.2,29333.0
2026-01-13 17:45:00,S004,Oeste,22.1,61.4,41865.0
2026-01-13 17:45:00,S005,Centro,22.1,64.1,37658.0
2026-01-13 17:50:00,S001,Norte,25.6,39.0,23834.0
2026-01-13 17:50:00,S002,Sur,26.8,42.4,48846.0
2026-01-13 17:50:00,S003,Este,25.9,46.8,28177.0
2026-01-13 17:50:00,S004,Oeste,24.1,46.9,31334.0
2026-01-13 17:50:00,S005,Centro,26.1,54.4,28900.0
2026-01-13 17:55:00,S001,Norte,22.6,55.0,38182.0
2026-01-13 17:55:00,S002,Sur,27.1,43.4,37657.0
2026-01-13 17:55:00,S003,Este,25.7,44.7,18784.0
2026-01-13 17:55:00,S004,Oeste,22.4,65.0,37421.0
2026-01-13 17:55:00,S005,Centro,27.2,40.9,39888.0
2026-01-13 18:00:00,S001,Norte,27.4,41.3,20248.0
2026-01-13 18:00:00,S002,Sur,26.6,54.8,43190.0
2026-01-13 18:00:00,S003,Este,26.8,48.4,38119.0
2026-01-13 18:00:00,S004,Oeste,26.1,52.3,37939.0
2026-01-13 18:00:00,S005,Centro,28.0,39.2,29650.0
2026-01-13 18:05:00,S001,Norte,24.3,42.0,39782.0
2026-01-13 18:05:00,S002,Sur,25.4,42.9,40429.0
2026-01-13 18:05:00,S003,Este,23.3,54.0,42471.0
2026-01-13 18:05:00,S004,Oeste,27.4,48.6,32756.0
2026-01-13 18:05:00,S005,Centro,27.1,52.7,45677.0
2026-01-13 18:10:00,S001,Norte,23.1,45.8,19478.0
2026-01-13 18:10:00,S002,Sur,23.6,59.1,41702.0
2026-01-13 18:10:00,S003,Este,23.1,57.4,26747.0
2026-01-13 18:10:00,S004,Oeste,22.5,52.0,41047.0
2026-01-13 18:10:00,S005,Centro,23.8,58.1,26596.0
2026-01-13 18:15:00,S001,Norte,23.6,48.8,44792.0
2026-01-13 18:15:00,S002,Sur,24.8,57.7,35425.0
2026-01-13 18:15:00,S003,Este,27.7,36.1,46130.0
2026-01-13 18:15:00,S004,Oeste,25.0,57.3,28358.0
2026-01-13 18:15:00,S005,Centro,23.8,43.5,44898.0
2026-01-13 18:20:00,S001,Norte,22.8,48.4,29322.0
2026-01-13 18:20:00,S002,Sur,25.4,57.3,31015.0
2026-01-13 18:20:00,S003,Este,23.9,56.5,42263.0
2026-01-13 18:20:00,S004,Oeste,24.9,52.8,21189.0
2026-01-13 18:20:00,S005,Centro,25.8,38.5,24573.0
2026-01-13 18:25:00,S001,Norte,26.6,40.2,41757.0
2026-01-13 18:25:00,S002,Sur,24.9,55.4,18081.0
2026-01-13 18:25:00,S003,Este,25.7,51.3,29119.0
2026-01-13 18:25:00,S004,Oeste,27.8,42.1,16320.0
2026-01-13 18:25:00,S005,Centro,23.2,51.1,15493.0
2026-01-13 18:30:00,S001,Norte,23.9,58.8,21670.0
2026-01-13 18:30:00,S002,Sur,26.1,50.4,23709.0
2026-01-13 18:30:00,S003,Este,26.2,44.6,19513.0
2026-01-13 18:30:00,S004,Oeste,24.3,53.2,20846.0
2026-01-13 18:30:00,S005,Centro,26.9,42.1,25179.0
2026-01-13 18:35:00,S001,Norte,26.4,49.2,26824.0
2026-01-13 18:35:00,S002,Sur,27.3,55.3,26996.0
2026-01-13 18:35:00,S003,Este,27.4,42.4,21595.0
2026-01-13 18:35:00,S004,Oeste,27.7,53.0,29119.0
2026-01-13 18:35:00,S005,Centro,23.4,57.8,19592.0
2026-01-13 18:40:00,S001,Norte,26.4,49.0,20914.0
2026-01-13 18:40:00,S002,Sur,24.2,54.6,16308.0
2026-01-13 18:40:00,S003,Este,27.3,40.6,33716.0
2026-01-13 18:40:00,S004,Oeste,22.3,65.3,38169.0
2026-01-13 18:40:00,S005,Centro,25.9,38.6,39141.0
2026-01-13 18:45:00,S001,Norte,24.5,48.6,34155.0
2026-01-13 18:45:00,S002,Sur,24.8,43.4,39332.0
2026-01-13 18:45:00,S003,Este,25.8,44.5,38158.0
2026-01-13 18:45:00,S004,Oeste,26.0,43.4,36197.0
2026-01-13 18:45:00,S005,Centro,22.8,61.0,18672.0
2026-01-13 18:50:00,S001,Norte,26.3,39.7,18990.0
2026-01-13 18:50:00,S002,Sur,22.6,48.7,21991.0
2026-01-13 18:50:00,S003,Este,23.6,53.3,22059.0
2026-01-13 18:50:00,S004,Oeste,26.2,43.5,16379.0
2026-01-13 18:50:00,S005,Centro,25.0,44.2,47659.0
2026-01-13 18:55:00,S001,Norte,24.0,42.1,38507.0
2026-01-13 18:55:00,S002,Sur,27.4,51.8,38416.0
2026-01-13 18:55:00,S003,Este,22.9,46.0,32910.0
2026-01-13 18:55:00,S004,Oeste,26.3,39.3,23956.0
2026-01-13 18:55:00,S005,Centro,23.4,63.0,25361.0
2026-01-13 19:00:00,S001,Norte,24.8,42.4,175.0
2026-01-13 19:00:00,S002,Sur,22.2,51.3,802.0
2026-01-13 19:00:00,S003,Este,23.9,57.0,95.0
2026-01-13 19:00:00,S004,Oeste,26.5,37.8,852.0
2026-01-13 19:00:00,S005,Centro,26.0,41.4,358.0
2026-01-13 19:05:00,S001,Norte,24.6,53.2,878.0
2026-01-13 19:05:00,S002,Sur,22.6,61.2,183.0
2026-01-13 19:05:00,S003,Este,24.4,60.4,272.0
2026-01-13 19:05:00,S004,Oeste,24.3,58.4,800.0
2026-01-13 19:05:00,S005,Centro,25.9,54.2,113.0
2026-01-13 19:10:00,S001,Norte,26.2,38.8,942.0
2026-01-13 19:10:00,S002,Sur,23.0,52.4,591.0
2026-01-13 19:10:00,S003,Este,26.8,49.9,181.0
2026-01-13 19:10:00,S004,Oeste,24.3,48.6,29.0
2026-01-13 19:10:00,S005,Centro,26.1,54.6,973.0
2026-01-13 19:15:00,S001,Norte,22.8,62.8,113.0
2026-01-13 19:15:00,S002,Sur,24.5,42.0,262.0
2026-01-13 19:15:00,S003,Este,23.9,56.3,678.0
2026-01-13 19:15:00,S004,Oeste,26.6,48.3,565.0
2026-01-13 19:15:00,S005,Centro,27.9,47.7,338.0
2026-01-13 19:20:00,S001,Norte,25.1,53.7,95.0
2026-01-13 19:20:00,S002,Sur,26.0,43.0,346.0
2026-01-13 19:20:00,S003,Este,26.1,45.6,839.0
2026-01-13 19:20:00,S004,Oeste,25.4,59.1,55.0
2026-01-13 19:20:00,S005,Centro,25.9,41.4,849.0
2026-01-13 19:25:00,S001,Norte,27.1,53.2,75.0
2026-01-13 19:25:00,S002,Sur,24.9,44.9,970.0
2026-01-13 19:25:00,S003,Este,22.3,49.8,643.0
2026-01-13 19:25:00,S004,Oeste,24.4,45.9,459.0
2026-01-13 19:25:00,S005,Centro,26.8,45.3,857.0
2026-01-13 19:30:00,S001,Norte,24.7,43.0,497.0
2026-01-13 19:30:00,S002,Sur,25.9,40.2,412.0
2026-01-13 19:30:00,S003,Este,25.3,39.3,91.0
2026-01-13 19:30:00,S004,Oeste,25.6,51.1,305.0
2026-01-13 19:30:00,S005,Centro,25.1,44.0,671.0
2026-01-13 19:35:00,S001,Norte,27.7,41.9,54.0
2026-01-13 19:35:00,S002,Sur,23.3,52.4,560.0
2026-01-13 19:35:00,S003,Este,25.7,48.0,657.0
2026-01-13 19:35:00,S004,Oeste,26.3,39.7,759.0
2026-01-13 19:35:00,S005,Centro,23.3,50.2,830.0
2026-01-13 19:40:00,S001,Norte,27.8,40.3,522.0
2026-01-13 19:40:00,S002,Sur,26.2,38.5,164.0
2026-01-13 19:40:00,S003,Este,22.8,58.7,722.0
2026-01-13 19:40:00,S004,Oeste,22.6,56.9,188.0
2026-01-13 19:40:00,S005,Centro,27.6,42.7,457.0
2026-01-13 19:45:00,S001,Norte,26.7,51.0,108.0
2026-01-13 19:45:00,S002,Sur,24.5,59.6,837.0
2026-01-13 19:45:00,S003,Este,25.5,54.4,451.0
2026-01-13 19:45:00,S004,Oeste,26.0,57.2,135.0
2026-01-13 19:45:00,S005,Centro,25.0,50.6,49.0
2026-01-13 19:50:00,S001,Norte,27.6,51.6,483.0
2026-01-13 19:50:00,S002,Sur,25.0,58.3,177.0
2026-01-13 19:50:00,S003,Este,25.5,53.7,128.0
2026-01-13 19:50:00,S004,Oeste,24.3,53.4,883.0
2026-01-13 19:50:00,S005,Centro,25.0,47.6,980.0
2026-01-13 19:55:00,S001,Norte,27.5,50.3,274.0
2026-01-13 19:55:00,S002,Sur,27.8,53.8,453.0
2026-01-13 19:55:00,S003,Este,22.8,52.7,700.0
2026-01-13 19:55:00,S004,Oeste,26.5,43.0,701.0
2026-01-13 19:55:00,S005,Centro,27.2,49.9,936.0
2026-01-13 20:00:00,S001,Norte,25.8,42.4,624.0
2026-01-13 20:00:00,S002,Sur,23.7,49.4,672.0
2026-01-13 20:00:00,S003,Este,27.9,47.2,958.0
2026-01-13 20:00:00,S004,Oeste,25.0,53.8,322.0
2026-01-13 20:00:00,S005,Centro,22.7,51.7,480.0
2026-01-13 20:05:00,S001,Norte,25.4,52.5,417.0
2026-01-13 20:05:00,S002,Sur,26.5,53.9,286.0
2026-01-13 20:05:00,S003,Este,27.1,52.0,523.0
2026-01-13 20:05:00,S004,Oeste,22.2,48.6,670.0
2026-01-13 20:05:00,S005,Centro,23.2,58.6,161.0
2026-01-13 20:10:00,S001,Norte,23.7,47.6,839.0
2026-01-13 20:10:00,S002,Sur,26.1,43.6,754.0
2026-01-13 20:10:00,S003,Este,22.2,61.9,102.0
2026-01-13 20:10:00,S004,Oeste,27.2,50.4,865.0
2026-01-13 20:10:00,S005,Centro,26.5,48.3,238.0
2026-01-13 20:15:00,S001,Norte,26.7,52.6,288.0
2026-01-13 20:15:00,S002,Sur,26.0,56.6,388.0
2026-01-13 20:15:00,S003,Este,27.7,54.0,313.0
2026-01-13 20:15:00,S004,Oeste,25.3,39.6,251.0
2026-01-13 20:15:00,S005,Centro,25.7,54.2,870.0
2026-01-13 20:20:00,S001,Norte,27.0,54.3,705.0
2026-01-13 20:20:00,S002,Sur,25.9,53.3,547.0
2026-01-13 20:20:00,S003,Este,25.6,54.3,964.0
2026-01-13 20:20:00,S004,Oeste,23.8,46.0,683.0
2026-01-13 20:20:00,S005,Centro,23.1,47.2,514.0
2026-01-13 20:25:00,S001,Norte,24.3,50.0,557.0
2026-01-13 20:25:00,S002,Sur,22.8,56.1,255.0
2026-01-13 20:25:00,S003,Este,24.0,56.2,155.0
2026-01-13 20:25:00,S004,Oeste,22.9,50.6,51.0
2026-01-13 20:25:00,S005,Centro,27.6,47.1,662.0
2026-01-13 20:30:00,S001,Norte,24.9,51.6,358.0
2026-01-13 20:30:00,S002,Sur,26.7,42.9,220.0
2026-01-13 20:30:00,S003,Este,23.1,45.2,505.0
2026-01-13 20:30:00,S004,Oeste,24.5,51.7,92.0
2026-01-13 20:30:00,S005,Centro,23.3,47.6,332.0
2026-01-13 20:35:00,S001,Norte,24.2,46.0,753.0
2026-01-13 20:35:00,S002,Sur,25.2,59.6,824.0
2026-01-13 20:35:00,S003,Este,27.9,34.4,669.0
2026-01-13 20:35:00,S004,Oeste,24.7,58.7,614.0
2026-01-13 20:35:00,S005,Centro,25.7,57.7,683.0
2026-01-13 20:40:00,S001,Norte,23.9,60.5,945.0
2026-01-13 20:40:00,S002,Sur,24.3,52.2,283.0
2026-01-13 20:40:00,S003,Este,27.5,51.5,375.0
2026-01-13 20:40:00,S004,Oeste,26.8,45.3,44.0
2026-01-13 20:40:00,S005,Centro,27.4,39.1,514.0
2026-01-13 20:45:00,S001,Norte,27.7,38.0,956.0
2026-01-13 20:45:00,S002,Sur,25.2,39.7,65.0
2026-01-13 20:45:00,S003,Este,26.0,53.4,865.0
2026-01-13 20:45:00,S004,Oeste,24.5,43.0,538.0
2026-01-13 20:45:00,S005,Centro,26.2,57.1,775.0
2026-01-13 20:50:00,S001,Norte,25.9,57.0,747.0
2026-01-13 20:50:00,S002,Sur,22.9,53.3,332.0
2026-01-13 20:50:00,S003,Este,22.5,46.0,794.0
2026-01-13 20:50:00,S004,Oeste,25.3,50.8,228.0
2026-01-13 20:50:00,S005,Centro,23.6,50.7,630.0
2026-01-13 20:55:00,S001,Norte,24.6,41.1,673.0
2026-01-13 20:55:00,S002,Sur,25.2,52.4,618.0
2026-01-13 20:55:00,S003,Este,26.5,48.6,701.0
2026-01-13 20:55:00,S004,Oeste,22.4,63.7,106.0
2026-01-13 20:55:00,S005,Centro,26.7,42.6,87.0
2026-01-13 21:00:00,S001,Norte,20.4,58.0,395.0
2026-01-13 21:00:00,S002,Sur,19.6,60.2,533.0
2026-01-13 21:00:00,S003,Este,16.0,65.9,797.0
2026-01-13 21:00:00,S004,Oeste,18.8,71.6,144.0
2026-01-13 21:00:00,S005,Centro,19.7,68.8,795.0
2026-01-13 21:05:00,S001,Norte,20.1,57.3,949.0
2026-01-13 21:05:00,S002,Sur,18.9,63.4,123.0
2026-01-13 21:05:00,S003,Este,15.0,71.9,537.0
2026-01-13 21:05:00,S004,Oeste,21.6,52.8,748.0
2026-01-13 21:05:00,S005,Centro,21.3,54.2,413.0
2026-01-13 21:10:00,S001,Norte,19.5,61.2,161.0
2026-01-13 21:10:00,S002,Sur,16.5,73.6,194.0
2026-01-13 21:10:00,S003,Este,16.3,73.5,852.0
2026-01-13 21:10:00,S004,Oeste,21.0,66.7,994.0
2026-01-13 21:10:00,S005,Centro,18.2,64.5,291.0
2026-01-13 21:15:00,S001,Norte,15.5,61.0,726.0
2026-01-13 21:15:00,S002,Sur,18.4,59.8,128.0
2026-01-13 21:15:00,S003,Este,19.6,52.8,620.0
2026-01-13 21:15:00,S004,Oeste,21.3,53.8,451.0
2026-01-13 21:15:00,S005,Centro,19.3,57.5,584.0
2026-01-13 21:20:00,S001,Norte,19.0,59.4,316.0
2026-01-13 21:20:00,S002,Sur,18.0,54.1,246.0
2026-01-13 21:20:00,S003,Este,16.6,71.7,436.0
2026-01-13 21:20:00,S004,Oeste,20.9,50.9,733.0
2026-01-13 21:20:00,S005,Centro,21.1,57.0,359.0
2026-01-13 21:25:00,S001,Norte,17.1,66.8,176.0
2026-01-13 21:25:00,S002,Sur,19.2,68.3,859.0
2026-01-13 21:25:00,S003,Este,16.0,68.8,263.0
2026-01-13 21:25:00,S004,Oeste,21.2,49.1,75.0
2026-01-13 21:25:00,S005,Centro,15.1,69.9,31.0
2026-01-13 21:30:00,S001,Norte,19.1,60.0,590.0
2026-01-13 21:30:00,S002,Sur,21.3,58.3,543.0
2026-01-13 21:30:00,S003,Este,22.0,55.5,775.0
2026-01-13 21:30:00,S004,Oeste,17.6,59.3,772.0
2026-01-13 21:30:00,S005,Centro,20.1,55.6,465.0
2026-01-13 21:35:00,S001,Norte,18.6,60.8,502.0
2026-01-13 21:35:00,S002,Sur,19.6,67.7,807.0
2026-01-13 21:35:00,S003,Este,19.3,54.7,514.0
2026-01-13 21:35:00,S004,Oeste,18.1,57.3,949.0
2026-01-13 21:35:00,S005,Centro,19.6,70.1,736.0
2026-01-13 21:40:00,S001,Norte,18.4,60.4,219.0
2026-01-13 21:40:00,S002,Sur,18.4,54.4,369.0
2026-01-13 21:40:00,S003,Este,15.3,63.5,908.0
2026-01-13 21:40:00,S004,Oeste,17.5,64.3,455.0
2026-01-13 21:40:00,S005,Centro,15.3,79.0,324.0
2026-01-13 21:45:00,S001,Norte,19.9,60.6,830.0
2026-01-13 21:45:00,S002,Sur,20.8,53.6,544.0
2026-01-13 21:45:00,S003,Este,16.2,70.6,365.0
2026-01-13 21:45:00,S004,Oeste,19.6,67.6,517.0
2026-01-13 21:45:00,S005,Centro,17.6,72.9,516.0
2026-01-13 21:50:00,S001,Norte,17.5,72.4,487.0
2026-01-13 21:50:00,S002,Sur,18.4,65.3,502.0
2026-01-13 21:50:00,S003,Este,16.0,61.4,77.0
2026-01-13 21:50:00,S004,Oeste,19.5,55.2,187.0
2026-01-13 21:50:00,S005,Centro,17.5,69.3,118.0
2026-01-13 21:55:00,S001,Norte,16.6,73.0,720.0
2026-01-13 21:55:00,S002,Sur,18.4,62.8,211.0
2026-01-13 21:55:00,S003,Este,16.1,74.4,22.0
2026-01-13 21:55:00,S004,Oeste,15.3,70.9,161.0
2026-01-13 21:55:00,S005,Centro,19.4,52.0,572.0
2026-01-13 22:00:00,S001,Norte,15.4,64.4,180.0
2026-01-13 22:00:00,S002,Sur,21.7,58.6,564.0
2026-01-13 22:00:00,S003,Este,15.1,74.1,662.0
2026-01-13 22:00:00,S004,Oeste,17.0,57.7,449.0
2026-01-13 22:00:00,S005,Centro,21.9,63.4,171.0
2026-01-13 22:05:00,S001,Norte,20.8,60.4,795.0
2026-01-13 22:05:00,S002,Sur,20.7,52.2,660.0
2026-01-13 22:05:00,S003,Este,16.9,70.8,343.0
2026-01-13 22:05:00,S004,Oeste,18.2,65.5,230.0
2026-01-13 22:05:00,S005,Centro,17.7,56.8,202.0
2026-01-13 22:10:00,S001,Norte,21.0,58.1,420.0
2026-01-13 22:10:00,S002,Sur,16.0,59.8,476.0
2026-01-13 22:10:00,S003,Este,19.3,52.2,784.0
2026-01-13 22:10:00,S004,Oeste,18.5,55.3,482.0
2026-01-13 22:10:00,S005,Centro,15.9,70.2,828.0
2026-01-13 22:15:00,S001,Norte,21.3,62.9,649.0
2026-01-13 22:15:00,S002,Sur,18.7,60.1,43.0
2026-01-13 22:15:00,S003,Este,18.7,57.2,802.0
2026-01-13 22:15:00,S004,Oeste,20.5,56.6,589.0
2026-01-13 22:15:00,S005,Centro,20.2,64.9,697.0
2026-01-13 22:20:00,S001,Norte,15.7,61.3,477.0
2026-01-13 22:20:00,S002,Sur,16.6,73.9,283.0
2026-01-13 22:20:00,S003,Este,21.1,55.9,189.0
2026-01-13 22:20:00,S004,Oeste,20.0,65.9,578.0
2026-01-13 22:20:00,S005,Centro,15.8,58.5,655.0
2026-01-13 22:25:00,S001,Norte,19.8,56.7,362.0
2026-01-13 22:25:00,S002,Sur,16.1,70.9,254.0
2026-01-13 22:25:00,S003,Este,21.0,56.5,366.0
2026-01-13 22:25:00,S004,Oeste,16.9,69.8,755.0
2026-01-13 22:25:00,S005,Centro,17.9,69.9,482.0
2026-01-13 22:30:00,S001,Norte,17.6,65.9,254.0
2026-01-13 22:30:00,S002,Sur,17.1,62.6,705.0
2026-01-13 22:30:00,S003,Este,20.2,66.8,659.0
2026-01-13 22:30:00,S004,Oeste,20.2,58.5,699.0
2026-01-13 22:30:00,S005,Centro,16.1,62.0,401.0
2026-01-13 22:35:00,S001,Norte,17.4,66.3,697.0
2026-01-13 22:35:00,S002,Sur,19.9,53.3,965.0
2026-01-13 22:35:00,S003,Este,15.0,61.7,145.0
2026-01-13 22:35:00,S004,Oeste,21.5,55.7,64.0
2026-01-13 22:35:00,S005,Centro,16.6,58.5,38.0
2026-01-13 22:40:00,S001,Norte,17.7,74.3,614.0
2026-01-13 22:40:00,S002,Sur,18.6,66.9,597.0
2026-01-13 22:40:00,S003,Este,21.6,63.2,640.0
2026-01-13 22:40:00,S004,Oeste,18.1,57.9,657.0
2026-01-13 22:40:00,S005,Centro,20.6,54.5,34.0
2026-01-13 22:45:00,S001,Norte,19.2,61.9,232.0
2026-01-13 22:45:00,S002,Sur,16.2,58.3,239.0
2026-01-13 22:45:00,S003,Este,15.0,63.1,997.0
2026-01-13 22:45:00,S004,Oeste,20.5,56.1,395.0
2026-01-13 22:45:00,S005,Centro,19.1,62.1,737.0
2026-01-13 22:50:00,S001,Norte,15.5,60.8,284.0
2026-01-13 22:50:00,S002,Sur,20.8,66.7,348.0
2026-01-13 22:50:00,S003,Este,21.7,52.0,606.0
2026-01-13 22:50:00,S004,Oeste,16.4,75.9,575.0
2026-01-13 22:50:00,S005,Centro,16.8,64.5,106.0
2026-01-13 22:55:00,S001,Norte,15.5,64.9,947.0
2026-01-13 22:55:00,S002,Sur,20.6,67.9,876.0
2026-01-13 22:55:00,S003,Este,20.7,60.1,694.0
2026-01-13 22:55:00,S004,Oeste,21.8,57.7,770.0
2026-01-13 22:55:00,S005,Centro,20.3,68.6,459.0
2026-01-13 23:00:00,S001,Norte,18.2,65.3,27.0
2026-01-13 23:00:00,S002,Sur,15.8,59.7,634.0
2026-01-13 23:00:00,S003,Este,22.0,59.6,230.0
2026-01-13 23:00:00,S004,Oeste,17.2,74.7,517.0
2026-01-13 23:00:00,S005,Centro,15.1,76.5,248.0
2026-01-13 23:05:00,S001,Norte,15.7,72.2,821.0
2026-01-13 23:05:00,S002,Sur,15.5,77.6,477.0
2026-01-13 23:05:00,S003,Este,17.5,72.9,269.0
2026-01-13 23:05:00,S004,Oeste,21.6,60.4,910.0
2026-01-13 23:05:00,S005,Centro,18.5,57.0,735.0
2026-01-13 23:10:00,S001,Norte,21.1,51.9,203.0
2026-01-13 23:10:00,S002,Sur,16.7,68.9,156.0
2026-01-13 23:10:00,S003,Este,15.7,76.9,676.0
2026-01-13 23:10:00,S004,Oeste,19.6,63.0,764.0
2026-01-13 23:10:00,S005,Centro,18.8,53.3,482.0
2026-01-13 23:15:00,S001,Norte,19.3,61.2,985.0
2026-01-13 23:15:00,S002,Sur,21.3,64.8,491.0
2026-01-13 23:15:00,S003,Este,21.9,64.5,280.0
2026-01-13 23:15:00,S004,Oeste,16.6,68.4,54.0
2026-01-13 23:15:00,S005,Centro,20.6,58.4,541.0
2026-01-13 23:20:00,S001,Norte,18.5,60.8,686.0
2026-01-13 23:20:00,S002,Sur,16.2,77.1,698.0
2026-01-13 23:20:00,S003,Este,18.2,67.3,12.0
2026-01-13 23:20:00,S004,Oeste,16.5,68.7,325.0
2026-01-13 23:20:00,S005,Centro,19.3,56.6,549.0
2026-01-13 23:25:00,S001,Norte,16.7,66.1,613.0
2026-01-13 23:25:00,S002,Sur,17.6,64.9,211.0
2026-01-13 23:25:00,S003,Este,19.9,57.6,854.0
2026-01-13 23:25:00,S004,Oeste,17.0,59.7,131.0
2026-01-13 23:25:00,S005,Centro,19.0,56.5,100.0
2026-01-13 23:30:00,S001,Norte,16.9,60.9,432.0
2026-01-13 23:30:00,S002,Sur,17.7,57.6,959.0
2026-01-13 23:30:00,S003,Este,16.0,74.0,177.0
2026-01-13 23:30:00,S004,Oeste,18.5,72.9,849.0
2026-01-13 23:30:00,S005,Centro,18.6,67.2,785.0
2026-01-13 23:35:00,S001,Norte,17.1,67.0,568.0
2026-01-13 23:35:00,S002,Sur,17.8,68.2,60.0
2026-01-13 23:35:00,S003,Este,20.7,58.1,630.0
2026-01-13 23:35:00,S004,Oeste,18.1,60.4,361.0
2026-01-13 23:35:00,S005,Centro,18.9,70.8,258.0
2026-01-13 23:40:00,S001,Norte,15.1,62.1,867.0
2026-01-13 23:40:00,S002,Sur,21.7,50.5,576.0
2026-01-13 23:40:00,S003,Este,19.5,54.4,780.0
2026-01-13 23:40:00,S004,Oeste,17.5,68.5,487.0
2026-01-13 23:40:00,S005,Centro,20.2,67.5,381.0
2026-01-13 23:45:00,S001,Norte,17.0,68.6,145.0
2026-01-13 23:45:00,S002,Sur,16.2,73.8,337.0
2026-01-13 23:45:00,S003,Este,19.4,62.6,849.0
2026-01-13 23:45:00,S004,Oeste,15.5,62.2,228.0
2026-01-13 23:45:00,S005,Centro,17.2,61.4,267.0
2026-01-13 23:50:00,S001,Norte,19.5,56.4,445.0
2026-01-13 23:50:00,S002,Sur,21.0,55.2,587.0
2026-01-13 23:50:00,S003,Este,21.8,54.8,184.0
2026-01-13 23:50:00,S004,Oeste,15.2,74.2,662.0
2026-01-13 23:50:00,S005,Centro,21.6,60.8,80.0
2026-01-13 23:55:00,S001,Norte,16.2,59.7,64.0
2026-01-13 23:55:00,S002,Sur,21.2,58.7,26.0
2026-01-13 23:55:00,S003,Este,17.8,69.7,83.0
2026-01-13 23:55:00,S004,Oeste,16.8,59.4,655.0
2026-01-13 23:55:00,S005,Centro,21.2,53.8,247.0
